SKU,MatchCount,MatchIndex,ProductTitle,Price,CompareAtPrice,InStock,StockQuantity,LowStockWarning,ProductURL,Source,Unverified,Status,Error
BHU5367A,1,1,"Brass Lakshmi Narayana Idol Handcrafted Traditional Chola Art Murti for Pooja, Home Decor & Gifting, Gold, 4 Inch, 1 Piece",2019,2399,true,2,YES,https://bhunes.com/products/brass-lakshmi-narayana-idol-handcrafted-traditional-chola-art-murti-for-pooja-home-decor-gifting-gold-4-inch-1-piece,html,,FOUND,
BHU5363A,1,1,"Brass Vishnu Idol Handcrafted Narayana Govinda Murti Traditional Chola Sculpture for Pooja Home Decor Gifting, Gold, 5 Inch, 1 Piece",,,false,,,https://bhunes.com/products/brass-vishnu-idol-handcrafted-narayana-govinda-murti-traditional-chola-sculpture-for-pooja-home-decor-gifting-gold-5-inch-1-piece,html,,FOUND,
BHU5402A,1,1,"Brass Dancing Parvathi Idol Murti Nartana Parvati Devi Statue, Handcrafted Traditional Chola Pooja Decor Gift, Gold, 15.5 Inch, 1 Piece",10919,12999,true,1,YES,https://bhunes.com/products/brass-dancing-parvathi-idol-murti-nartana-parvati-devi-statue-handcrafted-traditional-chola-pooja-decor-gift-gold-15-5-inch-1-piece,html,,FOUND,
BHU5393A,1,1,"Brass Ganapati Idol Handcrafted Traditional Chola Style Vinayaka Murti for Pooja Home Decor & Gifting, Gold, 4 Inch, 1 Piece",2019,2399,true,4,YES,https://bhunes.com/products/brass-ganapati-idol-handcrafted-traditional-chola-style-vinayaka-murti-for-pooja-home-decor-gifting-gold-4-inch-1-piece,html,,FOUND,
BHU5390A,1,1,"Brass Ganapati Idol Handcrafted Traditional Chola Style Vinayaka Murti for Pooja Home Decor & Gifting, Gold, 3 Inch, 1 Piece",1759,2099,true,4,YES,https://bhunes.com/products/brass-ganapati-idol-handcrafted-traditional-chola-style-vinayaka-murti-for-pooja-home-decor-gifting-gold-3-inch-1-piece,html,,FOUND,
BHU5389A,1,1,"Brass Ganapati Vinayaka Idol Handcrafted Traditional Chola Style Murti for Pooja Home Decor & Gifting, Gold, 4.5 Inch, 1 Piece",1599,1899,true,4,YES,https://bhunes.com/products/brass-ganapati-vinayaka-idol-handcrafted-traditional-chola-style-murti-for-pooja-home-decor-gifting-gold-4-5-inch-1-piece,html,,FOUND,
BHU5387A,1,1,"Brass Ganapati Idol Handcrafted Traditional Vinayaka Murti for Pooja, Home Decor, Vastu & Spiritual Gifting, Gold, 3.5 Inch, 1 Piece",2099,2499,true,4,YES,https://bhunes.com/products/brass-ganapati-idol-handcrafted-traditional-vinayaka-murti-for-pooja-home-decor-vastu-spiritual-gifting-gold-3-5-inch-1-piece,html,,FOUND,
BHU5117A,1,1,"Brass Tulsi Maadam Tulasi Vrindavan Handcrafted Traditional Pooja Decor Gift Shrine for Home Temple, Gold, 5.5 Inch, 1 Piece",3859,4599,true,3,YES,https://bhunes.com/products/brass-tulsi-maadam-tulasi-vrindavan-handcrafted-traditional-pooja-decor-gift-shrine-for-home-temple-gold-5-5-inch-1-piece,html,,FOUND,
BHU5134A,1,1,"Brass Handcrafted Multipurpose Box for Home Decor & Gifting Traditional Peetal Storage Case, Gold, 10 Inch, 1 Piece",5119,6099,true,4,YES,https://bhunes.com/products/brass-handcrafted-multipurpose-box-for-home-decor-gifting-traditional-peetal-storage-case-gold-10-inch-1-piece,html,,FOUND,
BHU5135A,1,1,"Brass Multipurpose Box Handcrafted Traditional Peetal Storage Peti for Pooja, Home Decor & Gifting, Gold, 10 Inch, 1 Piece",5119,6099,true,3,YES,https://bhunes.com/products/brass-multipurpose-box-handcrafted-traditional-peetal-storage-peti-for-pooja-home-decor-gifting-gold-10-inch-1-piece,html,,FOUND,
BHU5136A,1,1,"Brass Handcrafted Traditional  Box Peetal Peti Decorative Storage Case for Home Decor & Gifting, Gold, 10 Inch, 1 Piece",4869,5799,true,2,YES,https://bhunes.com/products/brass-handcrafted-traditional-box-peetal-peti-decorative-storage-case-for-pooja-home-decor-gifting-gold-10-inch-1-piece,html,,FOUND,
BHU5137A,1,1,"Brass Handcrafted Traditional  Multipurpose Box Peetal Peti Decorative Storage Gift Home Decor Organizer, Gold, 10 Inch, 1 Piece",5209,6199,true,2,YES,https://bhunes.com/products/brass-handcrafted-traditional-multipurpose-box-peetal-peti-decorative-storage-gift-home-decor-organizer-gold-10-inch-1-piece,html,,FOUND,
BHU5097A,1,1,"Brass Lakshmi Narayana Idol Handcrafted Traditional Chola Murti for Pooja Home Decor & Spiritual Gifting, Gold, 4.5 Inch, 1 Piece",4369,5199,true,4,YES,https://bhunes.com/products/brass-lakshmi-narayana-idol-handcrafted-traditional-chola-murti-for-pooja-home-decor-spiritual-gifting-gold-4-5-inch-1-piece,html,,FOUND,
BHU5096A,1,1,"Brass Ganesha Idol Handcrafted Traditional Ganpati Vinayaka Murti for Pooja Home Decor & Gifting, Gold, 4 Inch, 1 Piece",110879,131999,true,5,YES,https://bhunes.com/products/brass-ganesha-idol-handcrafted-traditional-ganpati-vinayaka-murti-for-pooja-home-decor-gifting-gold-4-inch-1-piece,html,,FOUND,
BHU4959A,1,1,"Brass Cup with Lid Hot Case, Peetal Pittal Covered Tea Coffee Cup, Brass Tumbler with Cover for Hot Beverages, Gold, 2.5 Inch, 1 Piece",249,299,true,,,https://bhunes.com/products/brass-cup-with-lid-hot-case-peetal-pittal-covered-tea-coffee-cup-brass-tumbler-with-cover-for-hot-beverages-gold-2-5-inch-1-piece,html,YES,FOUND,
BHU4942A,1,1,"Kalash Water Pot Kamandalu Kumbha Jal Patra Purna Kalasha Mangala Kalash Panchaloha Brass Ritual Vessel Puja Kalasam Temple Kumbham Teertha Patra Ghata Lota Abhishekam Kalash Hindu Puja Vessel , Gold, 10 Inch, 1 Piece",6219,7399,true,5,YES,https://bhunes.com/products/kalash-water-pot-kamandalu-kumbha-jal-patra-purna-kalasha-mangala-kalash-panchaloha-brass-copper-ritual-vessel-puja-kalasam-temple-kumbham-teertha-patra-ghata-lota-abhishekam-kalash-hindu-puja-vessel-gold-10-inch-1-piece,html,,FOUND,
BHU4910A,1,1,"Brass Kurma Deepam Tortoise Lamp Peetal Kachhua Diya Aamai Vilakku Vishnu Kurma Avatar Vastu Puja Oil Lamp Home Decor Gift, Gold, 1.5 Inch, 1 Piece",499,599,true,,,https://bhunes.com/products/brass-kurma-deepam-tortoise-lamp-peetal-kachhua-diya-aamai-vilakku-vishnu-kurma-avatar-vastu-puja-oil-lamp-home-decor-gift-gold-1-5-inch-1-piece,html,YES,FOUND,
BHU3234A,1,1,"Brass Bull Idol | Nandi Statue | Vrishabha Ox Sculpture | Kamadhenu Brass Showpiece | Peetal Ox Figurine | Ashtadhatu Bull Decor,Black, 5.5 Inch, 1 Piece",5119,6099,true,1,YES,https://bhunes.com/products/brass-bull-idol-nandi-statue-vrishabha-ox-sculpture,html,,FOUND,
BHU2603A,1,1,"Handcrafted Brass Lion Idol Set – Simha, Sher, Narasimha Statue Figurines for Home, Office, Temple Decor | Peetal & Ashtadhatu Art Sculpture,Gold, 1.5 Inch, 1 Piece",1339,1599,true,4,YES,https://bhunes.com/products/handcrafted-brass-lion-idol-set-simha-sher-narasimha-statue,html,,FOUND,
BHUNES1020,1,1,"Brass Exquisite Giraffe Idol Statue | Handcrafted Peetal & Pittal Giraffe Figurine, Home Decor Showpiece, Ashtadhatu & Velli Aluminiyam Giraffe Sculpture,Gold, 9.5 Inch, 1 Piece",3779,4499,true,,,https://bhunes.com/products/brass-exquisite-giraffe-idol-statue-handcrafted-peetal-pittal-giraffe-figurine,html,,FOUND,
BHU3724A,1,1,"Handcrafted Brass Frog Sculpture for Prosperity, Good Luck & Positive Energy – Feng Shui Vastu Wealth Figurine,Green, 3 Inch, 1 Piece",3699,4399,true,1,YES,https://bhunes.com/products/handcrafted-brass-frog-sculpture-for-prosperity-good-luck-positive-energy,html,,FOUND,
BHU3728A,1,1,"Handcrafted Brass Elephant Idol | Peetal Hathi Murti Gajraj Statue | Pittal Gajendra Figurine for Vastu, Feng Shui, Home & Temple Decor,Gold, 3 Inch, 1 Piece",1429,1699,true,1,YES,https://bhunes.com/products/handcrafted-brass-elephant-idol-peetal-hathi-murti-gajraj-statue,html,,FOUND,
BHU3749A,1,1,"Handcrafted Brass Elephant Idol | Gaja Murti, Hasti, Airavata, Gajanan, Vinayaka Decorative Hathi Statue for Home, Temple & Feng Shui,Gold, 3.5 Inch, 1 Piece",5459,6499,true,5,YES,https://bhunes.com/products/handcrafted-brass-elephant-idol-gaja-murti-hasti-airavata-gajanan-vinayaka-decorative,html,,FOUND,
BHU3790A,1,1,"Handcrafted Brass Yak Sculpture – Himalayan Animal Figurine, Antique Brass Home Décor, Strength & Prosperity Symbol,Gold, 2.5 Inch, 1 Piece",1429,1699,true,5,YES,https://bhunes.com/products/handcrafted-brass-yak-sculpture-himalayan-animal,html,,FOUND,
BHU3497A,1,1,"Brass Singha Idol, Yali Statue, Foo Dog, Guardian Lion, Temple Lion, Shishi, Feng Shui Lion, Peetal Lion Sculpture for Home & Office Decor,Black, 7 Inch, 1 Piece",7899,9399,true,2,YES,https://bhunes.com/products/brass-singha-idol-yali-statue-foo-dog-guardian-lion-temple-lion,html,,FOUND,
BHU3427A,1,1,"Brass Handcrafted Elephant Idol Gajraj Gajendra Kunjar Decorative Sculpture for Home Temple Pooja Vastu Good Luck Gift,Gold, 6 Inch, 1 Piece",8569,10199,true,2,YES,https://bhunes.com/products/brass-handcrafted-elephant-idol-gajraj-gajendra-kunjar-decorative-sculpture,html,,FOUND,
BHU4192A,1,1,"Brass Monkey Idol | Vanar Murti | Pital Kapi Sculpture | Sacred Kurangu, Markat, Banar, Bandaru Statue for Home Temple, Pooja & Gifts, Gold, 7 Inch",4619,5499,true,2,YES,https://bhunes.com/products/brass-monkey-idol-vanar-murti-pital-kapi-sculpture,html,,FOUND,
BHU4186A,1,1,"Brass Handcrafted Dragon Naga, Feng Shui Serpent Guardian, Vastu Pital Celestial Sculpture for Home Decor, Gold, 6 Inch",4119,4899,true,,,https://bhunes.com/products/brass-handcrafted-dragon-naga-feng-shui-serpent-guardian-vastu-pital-celestial-sculpture-for-home-decor,html,,FOUND,
BHU2236A,1,1,"Brass Dhoop Dani Idol , Handmade Agarbatti & Incense Holder, Dhoop Stand, Camphor Burner, Peetal Pittal Ashtadhatu Pooja Decor for Meditation, Temple & Spiritual Rituals,Gold, 5 Inch, 1 Piece",2859,3399,true,,,https://bhunes.com/products/brass-dhoop-dani-idol-handmade-agarbatti-incense-holder,html,,FOUND,
BHU239A,1,1,"Brass Antique Ink Pot – Handcrafted Nāga, Makara, Vritra & Dragon Brass Collectible for Home, Office & Spiritual Decor,Gold, 7 Inch, 1 Piece",3859,4599,true,3,YES,https://bhunes.com/products/brass-antique-ink-pot-handcrafted-naga-makara-vritra-dragon,html,,FOUND,
BHU3732A,1,1,"Bhunes Brass Snake Idol – Handcrafted Naga Raj Murti For Home Décor, Temple & Spiritual Protection,Gold, 7.5 Inch, 1 Piece",5459,6499,true,,,https://bhunes.com/products/bhunes-snakegold-7-5-inch-1-piece,html,,FOUND,
BHU5475A,1,1,"Brass Lord Vishnu Narayana Idol, Handcrafted Traditional Chola Perumal Murti for Pooja, Decor & Gifting, Gold, 16.5 Inch, 1 Piece",31329,37299,true,1,YES,https://bhunes.com/products/brass-lord-vishnu-narayana-idol-handcrafted-traditional-chola-perumal-murti-for-pooja-decor-gifting-gold-16-5-inch-1-piece,html,,FOUND,
BHU5291A,1,1,"Handcrafted Traditional Brass Kettle Sculpture for Home Decor & Gifting, Vintage Indian Heritage Teapot Accent, Gold, 9 Inch, 1 Piece",3109,3699,true,1,YES,https://bhunes.com/products/handcrafted-traditional-brass-kettle-sculpture-for-home-decor-gifting-vintage-indian-heritage-teapot-accent-gold-9-inch-1-piece,html,,FOUND,
BHU5306A,1,1,"Brass Vintage Glass Pot for Pooja, Handcrafted Temple Rituals, Traditional Home Decor, Auspicious Gifting, Gold, 4.5 Inch, 1 Piece",1089,1299,true,1,YES,https://bhunes.com/products/brass-vintage-glass-pot-for-pooja-handcrafted-temple-rituals-traditional-home-decor-auspicious-gifting-gold-4-5-inch-1-piece,html,,FOUND,
BHU5307A,1,1,"Brass Lota Kalash Kumbha for Pooja Temple Rituals Vastu Gifting Traditional Chola Sacred Vessel, Gold, 3.5 Inch, 1 Piece",919,1099,true,1,YES,https://bhunes.com/products/brass-lota-kalash-kumbha-for-pooja-temple-rituals-vastu-gifting-traditional-chola-sacred-vessel-gold-3-5-inch-1-piece,html,,FOUND,
BHU5311A,1,1,"Brass Pooja Kalash Kumbha Kalasam, Handcrafted Traditional Chola Sacred Ritual Vessel for Worship & Gifting, Gold, 4.5 Inch, 1 Piece",3439,4099,true,4,YES,https://bhunes.com/products/brass-pooja-kalash-kumbha-kalasam-handcrafted-traditional-chola-sacred-ritual-vessel-for-worship-gifting-gold-4-5-inch-1-piece,html,,FOUND,
BHU5312A,1,1,"Brass Vintage Chambu Lota Kalash Handcrafted Traditional Chola Purna Kumbha for Pooja, Vastu & Gifting, Gold, 5 Inch, 1 Piece",,,false,,,https://bhunes.com/products/brass-vintage-chambu-lota-kalash-handcrafted-traditional-chola-purna-kumbha-for-pooja-vastu-gifting-gold-5-inch-1-piece,html,,FOUND,
BHU5313A,1,1,"Brass Lota Kalash for Pooja, Purna Kumbha Sacred Ritual Vessel, Handcrafted Traditional Chola Gift Decor, Gold, 5.5 Inch, 1 Piece",3609,4299,true,2,YES,https://bhunes.com/products/brass-lota-kalash-for-pooja-purna-kumbha-sacred-ritual-vessel-handcrafted-traditional-chola-gift-decor-gold-5-5-inch-1-piece,html,,FOUND,
BHU5314A,1,1,"Brass Vintage Chambu Lota Kalash Handcrafted Traditional Chola Purna Kumbha for Pooja, Temple Decor & Gifting, Gold, 6 Inch, 1 Piece",4789,5699,true,1,YES,https://bhunes.com/products/brass-vintage-chambu-lota-kalash-handcrafted-traditional-chola-purna-kumbha-for-pooja-temple-decor-gifting-gold-6-inch-1-piece,html,,FOUND,
BHU5316A,1,1,"Brass Vintage Chambu Lota Kalash for Pooja, Abhishekam, Temple Decor, Handcrafted Traditional Chola Vessel Gift, Gold, 5 Inch, 1 Piece",2519,2999,true,1,YES,https://bhunes.com/products/brass-vintage-chambu-lota-kalash-for-pooja-abhishekam-temple-decor-handcrafted-traditional-chola-vessel-gift-gold-5-inch-1-piece,html,,FOUND,
BHU5276A,1,1,"Brass Rabbit Table Decor Handcrafted Traditional Bunny Figurine Lucky Vastu Home Gift Showpiece, Gold, 1.5 Inch, 1 Piece",839,999,true,,,https://bhunes.com/products/brass-rabbit-table-decor-handcrafted-traditional-bunny-figurine-lucky-vastu-home-gift-showpiece-gold-1-5-inch-1-piece,html,,FOUND,
BHU5281A,1,1,"Brass Dragon Table Decorative Statue Handcrafted Feng Shui Wealth Protector Idol for Vastu Home Decor Gifting, Gold, 2 Inch, 1 Piece",1089,1299,true,,,https://bhunes.com/products/brass-dragon-table-decorative-statue-handcrafted-feng-shui-wealth-protector-idol-for-vastu-home-decor-gifting-gold-2-inch-1-piece,html,,FOUND,
BHU5271A,1,1,"Brass Axe With Vajra Vajrayudha Traditional Handcrafted Spiritual Pooja Home Decor Gift Artifact, Gold, 13 Inch, 1 Piece",2019,2399,true,,,https://bhunes.com/products/brass-axe-with-vajra-vajrayudha-traditional-handcrafted-spiritual-pooja-home-decor-gift-artifact,html,,FOUND,
BHU5268A,1,1,"Handcrafted Brass Kettle Traditional Tea Pot Water Vessel for Pooja Temple Decor Gifting Heritage Artware, Gold, 9.5 Inch, 1 Piece",5119,6099,true,3,YES,https://bhunes.com/products/handcrafted-brass-kettle-traditional-tea-pot-water-vessel-for-pooja-temple-decor-gifting-heritage-artware-gold-9-5-inch-1-piece,html,,FOUND,
BHU5266A,1,1,"Brass Kettle Peetal Tea Pot Traditional Handcrafted Chola Style Pooja Decor Gifting Water Vessel, Gold, 7.5 Inch, 1 Piece",2769,3299,true,2,YES,https://bhunes.com/products/brass-kettle-peetal-tea-pot-traditional-handcrafted-chola-style-pooja-decor-gifting-water-vessel-gold-7-5-inch-1-piece,html,,FOUND,
BHU5265A,1,1,"Handcrafted Brass Tea Kettle Traditional Teapot for Serving Home Decor Heritage Collection & Gifting, Gold, 8.5 Inch, 1 Piece",3779,4499,true,3,YES,https://bhunes.com/products/handcrafted-brass-tea-kettle-traditional-teapot-for-serving-home-decor-heritage-collection-gifting-gold-8-5-inch-1-piece,html,,FOUND,
BHU5264A,1,1,"Handcrafted Chola Brass Kettle Traditional Tea Pot Water Vessel for Home Decor, Collectors & Gifting, Gold, 7 Inch, 1 Piece",3109,3699,true,3,YES,https://bhunes.com/products/handcrafted-brass-kettle-traditional-tea-pot-decorative-water-vessel-for-home-decor-gifting-gold-7-inch-1-piece,html,,FOUND,
BHU5263A,1,1,"Brass Deer Statue Handcrafted Traditional Mriga Sculpture for Vastu Pooja Home Decor & Gifting, Gold, 3 Inch, 1 Piece",1089,1299,true,,,https://bhunes.com/products/brass-deer-statue-handcrafted-traditional-mriga-sculpture-for-vastu-pooja-home-decor-gifting-gold-3-inch-1-piece,html,YES,FOUND,
BHU5262A,1,1,"Brass Baby Elephant Idol Bala Gaja Peetal Figurine for Vastu Pooja Home Decor Traditional Handcrafted Gift, Gold, 2.5 Inch, 1 Piece",839,999,true,,,https://bhunes.com/products/brass-baby-elephant-idol-bala-gaja-peetal-figurine-for-vastu-pooja-home-decor-traditional-handcrafted-gift-gold-2-5-inch-1-piece,html,YES,FOUND,
BHU5260A,1,1,"Brass Lion Set of 2 Simha Sculpture Traditional Handcrafted Vastu Pooja Home Decor Gift Statue, Gold, 2 Inch, 1 Piece",,,false,,,https://bhunes.com/products/brass-lion-set-of-2-simha-sculpture-traditional-handcrafted-vastu-pooja-home-decor-gift-statue-gold-2-inch-1-piece,html,,FOUND,
BHU5256A,1,1,"Brass Yoga Frog Sculpture for Vastu, Meditation & Home Decor, Handcrafted Traditional Zen Frog Idol, Gold, 2 Inch, 1 Piece",839,999,true,,,https://bhunes.com/products/bhunes-frog-best-for-car-dashboard-gold-2-inch-1-piecebrass-yoga-frog-sculpture-for-vastu-meditation-home-decor-handcrafted-traditional-zen-frog-idol-gold-2-inch-1-piece,html,,FOUND,
BHU5257A,1,1,"Brass Naag Kurma Tortoise Showpiece for Vastu Pooja Home Decor Gifting Traditional Handcrafted Idol, Gold, 1.5 Inch, 1 Piece",839,999,true,,,https://bhunes.com/products/brass-naag-kurma-tortoise-showpiece-for-vastu-pooja-home-decor-gifting-traditional-handcrafted-idol-gold-1-5-inch-1-piece,html,,FOUND,
BHU5251A,1,1,"Brass Tortoise Sculpture for Vastu, Feng Shui, Pooja &amp; Spiritual Home Decor, Gold, 1.5 Inch, 1 Piece",1089,1299,true,5,YES,https://bhunes.com/products/brass-tortoise-sculpture-for-vastu-feng-shui-pooja-amp-spiritual-home-decor-gold-1-5-inch-1-piece,html,,FOUND,
BHU5252A,1,1,"Brass Yoga Frog Sculpture for Meditation, Vastu &amp; Spiritual Home Decor, Gold, 3.5 Inch, 1 Piece",1679,1999,true,3,YES,https://bhunes.com/products/brass-yoga-frog-sculpture-for-meditation-vastu-amp-spiritual-home-decor-gold-3-5-inch-1-piece,html,YES,FOUND,
BHU5253A,1,1,"Brass Horse Sculpture for Vastu, Prosperity &amp; Premium Home Decor, Gold, 4 Inch, 1 Piece",759,899,true,,,https://bhunes.com/products/brass-horse-sculpture-for-vastu-prosperity-amp-premium-home-decor-gold-4-inch-1-piece,html,YES,FOUND,
BHU5223A,1,1,"Brass Baby Sculpture Handcrafted Traditional Bala Murti for Pooja Home Decor & Spiritual Gifting, Gold, 8 Inch, 1 Piece",4279,5099,true,4,YES,https://bhunes.com/products/brass-baby-sculpture-handcrafted-traditional-bala-murti-for-pooja-home-decor-spiritual-gifting-gold-8-inch-1-piece,html,,FOUND,
BHU5215A,1,1,"Brass Varahi Devi Idol for Pooja, Handcrafted Traditional Chola Style Murti Home Decor Gift, Gold, 10.5 Inch, 1 Piece",9579,11399,true,1,YES,https://bhunes.com/products/brass-varahi-devi-idol-for-pooja-handcrafted-traditional-chola-style-murti-home-decor-gift-gold-10-5-inch-1-piece,html,,FOUND,
BHU5459A,1,1,"Brass Tiger Statue, Handcrafted  Royal Bengal, Wildlife Sculpture for Home Decor & Gifting, Gold, 3 Inch, 1 Piece",1339,1599,true,,,https://bhunes.com/products/brass-tiger-statue-handcrafted-royal-bengal-wildlife-sculpture-for-home-decor-gifting-gold-3-inch-1-piece,html,,FOUND,
BHU5250A,1,1,"Handcrafted Brass Deer Sculpture for Vastu, Spiritual Decor &amp; Premium Home Decoration, Gold, 4 Inch, 1 Piece",759,899,true,,,https://bhunes.com/products/handcrafted-brass-deer-sculpture-for-vastu-spiritual-decor-amp-premium-home-decoration-gold-4-inch-1-piece,html,YES,FOUND,
BHU5211A,1,1,"Brass Venkateshwara Govinda Idol, Handcrafted Tirupati Balaji Srinivasa Statue for Pooja Home Decor Gift, Gold, 8.5 Inch, 1 Piece",3699,4399,true,4,YES,https://bhunes.com/products/brass-venkateshwara-govinda-idol-handcrafted-tirupati-balaji-srinivasa-statue-for-pooja-home-decor-gift-gold-8-5-inch-1-piece,html,,FOUND,
TB5478A,0,,,,,,,,https://bhunes.com/search?options%5Bprefix%5D=last&q=TB5478A,html,,NOT FOUND,
BHU5213A,1,1,"Brass Shiv Parivar Murti with Nandi, Handcrafted Chola Style Mahadev Family Idol for Pooja & Decor, Gold, 10 Inch, 1 Piece",13269,15799,true,2,YES,https://bhunes.com/products/brass-shiv-parivar-murti-with-nandi-handcrafted-chola-style-mahadev-family-idol-for-pooja-decor-gold-10-inch-1-piece,html,,FOUND,
BHU5467A,1,1,"Brass Shiva Parivar Idol, Uma Maheshwara Somaskanda Murti, Handcrafted Chola Art Pooja Decor Gift Statue, Gold, 6.5 Inch, 1 Piece",3949,4699,true,2,YES,https://bhunes.com/products/brass-shiva-parivar-idol-uma-maheshwara-somaskanda-murti-handcrafted-chola-art-pooja-decor-gift-statue-gold-6-5-inch-1-piece,html,,FOUND,
BHU5212A,1,1,"Brass Radha Krishna Idol Murti Handmade Traditional Chola Style Pooja Home Decor Gift Statue, Gold, 17 Inch, 1 Piece",25119,29899,true,1,YES,https://bhunes.com/products/brass-radha-krishna-idol-murti-handmade-traditional-chola-style-pooja-home-decor-gift-statue-gold-17-inch-1-piece,html,,FOUND,
BHU5400A,1,1,"Brass Lord Krishna Idol Handcrafted Murti Traditional Venugopala Chola Style Statue for Pooja, Home Decor & Gifting, Gold, 18.5 Inch, 1 Piece",15879,18899,true,1,YES,https://bhunes.com/products/brass-lord-krishna-idol-handcrafted-murti-traditional-venugopala-chola-style-statue-for-pooja-home-decor-gifting-gold-18-5-inch-1-piece,html,,FOUND,
BHU5362A,1,1,"Brass Kaliya Mardana Krishna Idol Handcrafted Govinda Venugopala Traditional Chola Murti for Pooja Decor & Gifting, Gold, 5.5 Inch, 1 Piece",3699,4399,true,3,YES,https://bhunes.com/products/brass-kaliya-mardana-krishna-idol-handcrafted-govinda-venugopala-traditional-chola-murti-for-pooja-decor-gifting-gold-5-5-inch-1-piece,html,,FOUND,
BHU5444A,1,1,"Brass Gopala Krishna with Cow Statue, Handcrafted Traditional Chola Style Idol for Pooja Home Decor & Gifting, Gold, 14 Inch, 1 Piece",13189,15699,true,1,YES,https://bhunes.com/products/brass-gopala-krishna-with-cow-statue-handcrafted-traditional-chola-style-idol-for-pooja-home-decor-gifting-gold-14-inch-1-piece,html,,FOUND,
BHU5457A,1,1,"Brass Chaturbhuja Krishna Idol, Handcrafted Vaikuntha Narayana Murti for Pooja, Home Decor & Gifting, Gold, 12.5 Inch, 1 Piece",9739,11599,true,1,YES,https://bhunes.com/products/brass-chaturbhuja-krishna-idol-handcrafted-vaikuntha-narayana-murti-for-pooja-home-decor-gifting-gold-12-5-inch-1-piece,html,,FOUND,
BHU5464A,1,1,"Brass Kalinga Nartana Bala Krishna Idol, Handcrafted Chola Laddu Gopal Naag Murti for Pooja, Decor & Gifting, Gold, 19 Inch, 1 Piece",15199,18099,true,2,YES,https://bhunes.com/products/brass-kalinga-nartana-bala-krishna-idol-handcrafted-chola-laddu-gopal-naag-murti-for-pooja-decor-gifting-gold-19-inch-1-piece,html,,FOUND,
BHU5474A,1,1,"Brass Krishna Kaliya Daman Idol, Kalinga Narthana Murti, Handcrafted Traditional Chola Pooja Decor Gift Statue, Gold, 14 Inch, 1 Piece",6969,8299,true,1,YES,https://bhunes.com/products/brass-krishna-kaliya-daman-idol-kalinga-narthana-murti-handcrafted-traditional-chola-pooja-decor-gift-statue-gold-14-inch-1-piece,html,,FOUND,
BHU5299A,1,1,"Brass Krishna Idol Handcrafted Venugopala Govinda Murti for Pooja, Home Decor, Gifting, Gold, 15 Inch, 1 Piece",12849,15299,true,2,YES,https://bhunes.com/products/brass-krishna-idol-handcrafted-venugopala-govinda-murti-for-pooja-home-decor-gifting-gold-15-inch-1-piece,html,,FOUND,
BHU5449A,1,1,"Handcrafted Brass Mahakali Idol Murti Traditional Chola Style Kali Mata Statue for Pooja Home Decor Gifting, Gold, 10 Inch, 1 Piece",8399,9999,true,2,YES,https://bhunes.com/products/handcrafted-brass-mahakali-idol-murti-traditional-chola-style-kali-mata-statue-for-pooja-home-decor-gifting-gold-10-inch-1-piece,html,,FOUND,
BHU5450A,1,1,"Brass Mahakali Idol Murti Handcrafted Traditional Kali Mata Statue for Pooja Decor Gifting, Gold, 6.5 Inch, 1 Piece",3529,4199,true,2,YES,https://bhunes.com/products/brass-mahakali-idol-murti-handcrafted-traditional-kali-mata-statue-for-pooja-decor-gifting-gold-6-5-inch-1-piece,html,,FOUND,
BHU5451A,1,1,"Brass Mahakali Idol Murti, Handcrafted Traditional Kalika Devi Statue for Pooja, Home Decor & Gifting, Gold, 7.5 Inch, 1 Piece",5799,6899,true,2,YES,https://bhunes.com/products/brass-mahakali-idol-murti-handcrafted-traditional-kalika-devi-statue-for-pooja-home-decor-gifting-gold-7-5-inch-1-piece,html,,FOUND,
BHU5452A,1,1,"Brass Kali Idol Murti, Handcrafted Mahakali Goddess Statue Traditional Chola Style for Pooja, Home Decor & Gifting, Gold, 10 Inch, 1 Piece",9489,11299,true,2,YES,https://bhunes.com/products/brass-kali-idol-murti-handcrafted-mahakali-goddess-statue-traditional-chola-style-for-pooja-home-decor-gifting-gold-10-inch-1-piece,html,,FOUND,
BHU5453A,1,1,"Brass Mahakali Idol Murti, Handcrafted Traditional Kalika Devi Statue for Pooja, Home Decor & Gifting, Gold, 7 Inch, 1 Piece",4119,4899,true,2,YES,https://bhunes.com/products/brass-mahakali-idol-murti-handcrafted-traditional-kalika-devi-statue-for-pooja-home-decor-gifting-gold-7-inch-1-piece,html,,FOUND,
BHU5454A,1,1,"Brass Mahakali Idol Murti, Handcrafted  Traditional Chola Style Kali Mata Statue for Pooja, Decor & Gifting, Gold, 17.5 Inch, 1 Piece",26629,31699,true,1,YES,https://bhunes.com/products/brass-mahakali-idol-murti-handcrafted-traditional-chola-style-kali-mata-statue-for-pooja-decor-gifting-gold-17-5-inch-1-piece,html,,FOUND,
BHU5298A,2,1,"Handcrafted Brass Folk Musician Sculpture Traditional Artisan Murti for Home Decor Gifting Cultural Display, Gold, 6.5 Inch, 1 Piece",13359,15899,true,1,YES,https://bhunes.com/products/handcrafted-brass-folk-musician-sculpture-traditional-artisan-murti-for-home-decor-gifting-cultural-display-gold-6-5-inch-1-piece,html,,FOUND,
BHU5298A,2,2,"Brass Folk Musician Set of 4 Handcrafted Traditional Sculptures for Home, Gold, 6.5 Inch, 1 Piece",14279,16999,true,1,YES,https://bhunes.com/products/brass-folk-musician-set-of-4-handcrafted-traditional-sculptures-for-home-gold-6-5-inch-1-piece,html,,FOUND,
BHU5399A,1,1,"Brass Musician Sculpture Set, Handcrafted Traditional Sangeeta Vidwan Figurines for Decor & Gifting Set Of 4, Gold, 7.5 Inch, 1 Piece",22849,27199,true,1,YES,https://bhunes.com/products/bhunes-musician-set-of-4-gold-7-5-inch-1-piece,html,,FOUND,
BHU5434A,1,1,"Handcrafted Brass Musician Idol, Traditional Sangeetkar Murti, Chola Art Sculpture for Home Decor & Gifting, Gold, 6.5 Inch, 1 Piece",16039,19099,true,1,YES,https://bhunes.com/products/handcrafted-brass-musician-idol-traditional-sangeetkar-murti-chola-art-sculpture-for-home-decor-gifting-gold-6-5-inch-1-piece,html,,FOUND,
BHU5458A,1,1,"Handcrafted Brass Musician Sculpture Pair Traditional Figurines for Home Decor, Collectors & Gifting, Gold, 7 Inch, 1 Piece",20159,23999,true,1,YES,https://bhunes.com/products/handcrafted-brass-musician-sculpture-pair-traditional-figurines-for-home-decor-collectors-gifting-gold-7-inch-1-piece,html,,FOUND,
BHU5293A,1,1,"Brass Lady Musician Set of 4 Sculpture Handcrafted Traditional Chola Art Home Decor Gifting Statue, Green, 12 Inch, 1 Piece",51409,61199,true,1,YES,https://bhunes.com/products/brass-lady-musician-set-of-4-sculpture-handcrafted-traditional-chola-art-home-decor-gifting-statue-green-12-inch-1-piece,html,,FOUND,
BHU5249A,1,1,"Handcrafted Brass Musician Set 4 Sculpture Traditional Musical Figurine Decorative Orchestra Idol for Home Decor, Pooja &amp; Gifting, Gold, 4 Inch, 1 Piece",4369,5199,true,2,YES,https://bhunes.com/products/handcrafted-brass-musician-set-4-sculpture-traditional-musical-figurine-decorative-orchestra-idol-for-home-decor-pooja-amp-gifting-gold-4-inch-1-piece,html,,FOUND,
BHU5258A,1,1,"Brass Naga Snake Idol for Pooja, Handcrafted Traditional Sarpa Murti Home Decor & Spiritual Gifting, Gold, 1.5 Inch, 1 Piece",839,999,true,,,https://bhunes.com/products/brass-naga-snake-idol-for-pooja-handcrafted-traditional-sarpa-murti-home-decor-spiritual-gifting-gold-1-5-inch-1-piece,html,,FOUND,
BHU5228A,1,1,"Brass Snake Handcrafted Naag Devta Idol for Pooja, Vastu & Home Decor, Traditional Cobra Sculpture, Gold, 10.5 Inch, 1 Piece",4119,4899,true,,,https://bhunes.com/products/brass-snake-handcrafted-naag-devta-idol-for-pooja-vastu-home-decor-traditional-cobra-sculpture-gold-10-5-inch-1-piece,html,YES,FOUND,
BHU5224A,1,1,"Brass Snake Handcrafted Naag Devta Idol for Pooja, Vastu Home Decor & Spiritual Traditional Gifting, Gold, 6 Inch, 1 Piece",2349,2799,true,3,YES,https://bhunes.com/products/brass-snake-handcrafted-naag-devta-idol-for-pooja-vastu-home-decor-spiritual-traditional-gifting-gold-6-inch-1-piece,html,,FOUND,
BHU5405A,1,1,"Brass Kubera Idol Murti, Handcrafted Dhan Kubera Wealth God Statue for Pooja, Home Decor & Spiritual Gifting, Gold, 10 Inch, 1 Piece",9909,11799,true,1,YES,https://bhunes.com/products/brass-kubera-idol-murti-handcrafted-dhan-kubera-wealth-god-statue-for-pooja-home-decor-spiritual-gifting-gold-10-inch-1-piece,html,,FOUND,
BHU5406A,1,1,"Brass Kuber Idol Murti, Handcrafted Lord Kubera Vaishravana Traditional Chola Statue for Pooja, Decor & Gifting, Gold, 9 Inch, 1 Piece",6469,7699,true,1,YES,https://bhunes.com/products/brass-kuber-idol-murti-handcrafted-lord-kubera-vaishravana-traditional-chola-statue-for-pooja-decor-gifting-gold-9-inch-1-piece,html,,FOUND,
BHU5248A,1,1,"Brass Kubera Idol for Wealth, Prosperity, Vastu &amp; Home Temple Decor, Gold, 6.5 Inch, 1 Piece",4539,5399,true,3,YES,https://bhunes.com/products/brass-kubera-idol-for-wealth-prosperity-vastu-amp-home-temple-decor-gold-6-5-inch-1-piece,html,,FOUND,
BHU5243A,1,1,"Brass Kubera Idol Vaishravana Wealth God Statue for Pooja Home Decor Gifting Traditional Handcrafted Art, Gold, 6.5 Inch, 1 Piece",3609,4299,true,2,YES,https://bhunes.com/products/brass-kubera-idol-vaishravana-wealth-god-statue-for-pooja-home-decor-gifting-traditional-handcrafted-art-gold-6-5-inch-1-piece,html,,FOUND,
BHU5244A,1,1,"Brass Kubera Idol Vaishravana Murti for Vastu Pooja Home Decor Traditional Handcrafted Gift Statue, Gold, 4.5 Inch, 1 Piece",2349,2799,true,2,YES,https://bhunes.com/products/brass-kubera-idol-vaishravana-murti-for-vastu-pooja-home-decor-traditional-handcrafted-gift-statue-gold-4-5-inch-1-piece,html,,FOUND,
BHU5438A,1,1,"Brass Nandi Idol Handcrafted Nandikeshwara Vrishabha Murti for Pooja, Home Decor, Gifting Traditional Chola Art, Gold, 9.5 Inch, 1 Piece",28139,33499,true,1,YES,https://bhunes.com/products/brass-nandi-idol-handcrafted-nandikeshwara-vrishabha-murti-for-pooja-home-decor-gifting-traditional-chola-art-gold-9-5-inch-1-piece,html,,FOUND,
BHU5476A,1,1,"Brass Nandikeshwara Nandi Idol, Handcrafted Traditional Chola Vrishabha Murti for Pooja, Decor & Gifting, Gold, 6.5 Inch, 1 Piece",7479,8899,true,3,YES,https://bhunes.com/products/brass-nandikeshwara-nandi-idol-handcrafted-traditional-chola-vrishabha-murti-for-pooja-decor-gifting-gold-6-5-inch-1-piece,html,,FOUND,
BHU5415A,1,1,"Brass Vajrasattva Murti Statue Handcrafted Dorje Sempa Buddhist Idol for Pooja, Home Decor & Gifting, Gold, 14 Inch, 1 Piece",12349,14699,true,1,YES,https://bhunes.com/products/brass-vajrasattva-murti-statue-handcrafted-dorje-sempa-buddhist-idol-for-pooja-home-decor-gifting-gold-14-inch-1-piece,html,,FOUND,
BHU5416A,1,1,"Brass Vajrasattva Murti Statue, Handcrafted Dorje Sempa Buddhist Idol for Pooja, Home Decor & Gifting, Gold, 15.5 Inch, 1 Piece",17719,21099,true,1,YES,https://bhunes.com/products/brass-vajrasattva-murti-statue-handcrafted-dorje-sempa-buddhist-idol-for-pooja-home-decor-gifting-gold-15-5-inch-1-piece,html,,FOUND,
BHU5418A,1,1,"Brass Vajrasattva Idol Murti, Handcrafted Dorje Sempa Buddhist Statue for Pooja, Meditation, Home Decor & Gifting, Gold, 11 Inch, 1 Piece",8649,10299,true,1,YES,https://bhunes.com/products/brass-vajrasattva-idol-murti-handcrafted-dorje-sempa-buddhist-statue-for-pooja-meditation-home-decor-gifting-gold-11-inch-1-piece,html,,FOUND,
BHU5473A,1,1,"Brass Vajrasattva Idol Statue, Dorje Sempa Buddhist Murti for Pooja, Meditation, Home Decor & Gifting, Handcrafted Traditional Art, Gold, 11 Inch, 1 Piece",7639,9099,true,1,YES,https://bhunes.com/products/brass-vajrasattva-idol-statue-dorje-sempa-buddhist-murti-for-pooja-meditation-home-decor-gifting-handcrafted-traditional-art-gold-11-inch-1-piece,html,,FOUND,
BHU3240A,1,1,"Bhunes Brass Dorje, Tantric Ritual Instrument, Varja Tibet Rare Vajra Handmade Dorje Ritual Himalayan Meditation Tibetan Buddhism Vajrayana Nepal Tibetan,Brown, 7 Inch, 1 Piece",,,false,,,https://bhunes.com/products/bhunes-brass-dorje-tantric-ritual-instrument-varja-tibet-rare-vajra-handmade-dorje-ritual-himalayan-meditation-tibetan-buddhism-vajrayana-nepal-tibetanbrown-7-inch-1-piece,html,YES,FOUND,
BHU4205A,1,1,"Brass Handcrafted Dorje Vajra, Tibetan Buddhist Thunderbolt, Pital Vajrayudha Sculpture for Puja, Meditation & Home Decor, Gold, 3 Inch",3109,3699,true,,,https://bhunes.com/products/handcrafted-brass-dorje-vajra-idol,html,,FOUND,
BHU5486A,1,1,"Brass Tibetan Double Dorje Vishva Vajra Handcrafted Traditional Buddhist Altar Pooja Decor Spiritual Gift, Gold, 3 Inch, 1 Piece",6129,7299,true,,,https://bhunes.com/products/brass-tibetan-double-dorje-vishva-vajra-handcrafted-traditional-buddhist-altar-pooja-decor-spiritual-gift-gold-3-inch-1-piece,html,,FOUND,
BHU5440A,1,1,"Brass Buddha Head Statue, Handcrafted Gautama Buddha Murti Traditional Spiritual Home Decor & Gifting Idol, Gold, 12 Inch, 1 Piece",12769,15199,true,1,YES,https://bhunes.com/products/brass-buddha-head-statue-handcrafted-gautama-buddha-murti-traditional-spiritual-home-decor-gifting-idol-gold-12-inch-1-piece,html,,FOUND,
BHU5422A,1,1,"Brass Sleeping Buddha Idol Handcrafted Reclining Nirvana Statue Traditional Buddhist Home Decor Pooja Gift, Gold, 10.5 Inch, 1 Piece",6799,8099,true,1,YES,https://bhunes.com/products/brass-sleeping-buddha-idol-handcrafted-reclining-nirvana-statue-traditional-buddhist-home-decor-pooja-gift-gold-10-5-inch-1-piece,html,,FOUND,
BHU5421A,1,1,"Handcrafted Brass Gautama Buddha Idol Murti, Traditional Chola Meditation Statue for Pooja, Home Decor & Gifting, Gold, 18.5 Inch, 1 Piece",29149,34699,true,1,YES,https://bhunes.com/products/handcrafted-brass-gautama-buddha-idol-murti-traditional-chola-meditation-statue-for-pooja-home-decor-gifting-gold-18-5-inch-1-piece,html,,FOUND,
BHU5417A,1,1,"Brass Vajradhara Idol Murti Handcrafted  Adi Buddha Dorje Chang Statue for Pooja, Home Decor & Gifting, Gold, 11 Inch, 1 Piece",8399,9999,true,1,YES,https://bhunes.com/products/brass-vajradhara-idol-murti-handcrafted-adi-buddha-dorje-chang-statue-for-pooja-home-decor-gifting-gold-11-inch-1-piece,html,,FOUND,
BHU5420A,1,1,"Handcrafted Brass Buddha Face Wall Decor, Gautama Shakyamuni Spiritual Home Décor, Pooja & Gifting Art, Gold, 8.5 Inch, 1 Piece",5379,6399,true,2,YES,https://bhunes.com/products/handcrafted-brass-buddha-face-wall-decor-gautama-shakyamuni-spiritual-home-decor-pooja-gifting-art-gold-8-5-inch-1-piece,html,,FOUND,
BHU5419A,1,1,"Brass Buddha Face Wall Decor, Gautama Enlightenment Murti for Home, Pooja, Gifting, Handcrafted Traditional Chola Art, Gold, 14 Inch, 1 Piece",8899,10599,true,2,YES,https://bhunes.com/products/brass-buddha-face-wall-decor-gautama-enlightenment-murti-for-home-pooja-gifting-handcrafted-traditional-chola-art-gold-14-inch-1-piece,html,,FOUND,
BHU5401A,1,1,"Brass Crown Gautama Buddha Idol Handcrafted Statue for Home Decor, Meditation, Vastu & Spiritual Gifting, Gold, 14 Inch, 1 Piece",18649,22199,true,1,YES,https://bhunes.com/products/bhunes-crown-buddha-gold-14-inch-1-piece,html,,FOUND,
BHU5407A,1,1,"Brass Maitreya Buddha Sculpture Idol, Handcrafted Future Buddha Ajita Bodhisattva Murti for Pooja, Home Decor & Gifting, Gold, 10 Inch, 1 Piece",7809,9299,true,1,YES,https://bhunes.com/products/brass-maitreya-buddha-sculpture-idol-handcrafted-future-buddha-ajita-bodhisattva-murti-for-pooja-home-decor-gifting-gold-10-inch-1-piece,html,,FOUND,
BHU5445A,1,1,"Brass Fasting Buddha Idol Statue, Handcrafted Ascetic Shakyamuni Gautama Sculpture for Pooja, Home Decor & Gifting, Gold, 12.5 Inch, 1 Piece",13019,15499,true,1,YES,https://bhunes.com/products/brass-fasting-buddha-idol-statue-handcrafted-ascetic-shakyamuni-gautama-sculpture-for-pooja-home-decor-gifting-gold-12-5-inch-1-piece,html,,FOUND,
BHU5469A,1,1,"Brass Maitreya Buddha Idol, Future Buddha Ajita Bodhisattva Murti for Pooja, Home Decor, Gifting Handcrafted Traditional Sculpture, Gold, 12 Inch, 1 Piece",8059,9599,true,2,YES,https://bhunes.com/products/brass-maitreya-buddha-idol-future-buddha-ajita-bodhisattva-murti-for-pooja-home-decor-gifting-handcrafted-traditional-sculpture-gold-12-inch-1-piece,html,,FOUND,
BHU1249A,1,1,"Bhunes Brass Antique Prabhavali Frame – Temple Arch Wall Hanging Prabhawali for Deity | Prabhaval Backplate for Home Mandir & Spiritual Decor, Gold, 8 Inch, 1 Piece",2859,3399,true,1,YES,https://bhunes.com/products/brass-antique-prabhavali-frame-temple-arch-wall-hanging-prabhawali,html,,FOUND,
BHU5385A,1,1,"Brass Kala Bhairava Face Handcrafted Wall Hanging, Traditional Bhairavnath Decor for Pooja, Temple & Gifting, Gold, 7.5 Inch, 1 Piece",4619,5499,true,2,YES,https://bhunes.com/products/brass-kala-bhairava-face-handcrafted-wall-hanging-traditional-bhairavnath-decor-for-pooja-temple-gifting-gold-7-5-inch-1-piece,html,,FOUND,
BHU5413A,1,1,"Brass Kala Bhairava Face Sculpture, Handcrafted Bhairava Wall Decor Mask for Pooja, Temple & Vastu, Gold, 5 Inch, 1 Piece",2179,2599,true,2,YES,https://bhunes.com/products/brass-kala-bhairava-face-sculpture-handcrafted-bhairava-wall-decor-mask-for-pooja-temple-vastu-gold-5-inch-1-piece,html,,FOUND,
BHU5431A,1,1,"Handcrafted Brass Kala Bhairava Face Mask Wall Hanging for Pooja, Vastu, Temple Decor & Spiritual Gifting, Gold, 10.5 Inch, 1 Piece",8899,10599,true,1,YES,https://bhunes.com/products/handcrafted-brass-kala-bhairava-face-mask-wall-hanging-for-pooja-vastu-temple-decor-spiritual-gifting-gold-10-5-inch-1-piece,html,,FOUND,
BHU5220A,1,1,"Brass Kala Bhairava Idol Handcrafted Traditional Chola Bhairav Murti for Pooja Decor Gifting, Gold, 15 Inch, 1 Piece",13939,16599,true,2,YES,https://bhunes.com/products/brass-kala-bhairava-idol-handcrafted-traditional-chola-bhairav-murti-for-pooja-decor-gifting-gold-15-inch-1-piece,html,,FOUND,
BHU5364A,1,1,"Brass Lakshmi Narasimha Idol Handcrafted Narahari Murti Traditional Chola Sculpture for Pooja, Decor & Gifting, Gold, 3 Inch, 1 Piece",1759,2099,true,5,YES,https://bhunes.com/products/brass-lakshmi-narasimha-idol-handcrafted-narahari-murti-traditional-chola-sculpture-for-pooja-decor-gifting-gold-3-inch-1-piece,html,,FOUND,
BHU5365A,1,1,"Brass Lakshmi Narasimha Idol, Handcrafted Narahari Swamy Traditional Chola Murti for Pooja, Decor & Gifting , Gold, 3 Inch, 1 Piece",1759,2099,true,,,https://bhunes.com/products/brass-lakshmi-narasimha-idol-handcrafted-narahari-swamy-traditional-chola-murti-for-pooja-decor-gifting-gold-3-inch-1-piece,html,,FOUND,
BHU5378A,1,1,"Brass Lakshmi Narasimha Idol Handcrafted Traditional Narahari Murti for Pooja Home Decor Temple Gifting, Gold, 2.5 Inch, 1 Piece",,,false,,,https://bhunes.com/products/brass-lakshmi-narasimha-idol-handcrafted-traditional-narahari-murti-for-pooja-home-decor-temple-gifting-gold-2-5-inch-1-piece,html,,FOUND,
BHU5379A,1,1,"Brass Lakshmi Narasimha Idol, Handcrafted Traditional Narahari Swamy Murti for Pooja, Home Decor & Gifting, Gold, 5 Inch, 1 Piece",7059,8399,true,1,YES,https://bhunes.com/products/brass-lakshmi-narasimha-idol-handcrafted-traditional-narahari-swamy-murti-for-pooja-home-decor-gifting-gold-5-inch-1-piece,html,,FOUND,
BHU5380A,1,1,"Brass Lakshmi Narasimha Idol, Handcrafted Narahari Murti Traditional Chola Art for Pooja, Decor & Gifting, Gold, 3 Inch, 1 Piece",1429,1699,true,1,YES,https://bhunes.com/products/brass-lakshmi-narasimha-idol-handcrafted-narahari-murti-traditional-chola-art-for-pooja-decor-gifting-gold-3-inch-1-piece,html,,FOUND,
BHU5381A,1,1,"Brass Lakshmi Narasimha Idol, Handcrafted Traditional Narahari Murti for Pooja, Home Decor & Spiritual Gifting, Gold, 3 Inch, 1 Piece",,,false,,,https://bhunes.com/products/brass-lakshmi-narasimha-idol-handcrafted-traditional-narahari-murti-for-pooja-home-decor-spiritual-gifting-gold-3-inch-1-piece,html,,FOUND,
BHU5408A,1,1,"Brass Garuda Face Wall Decor,Handcrafted  Vainateya Vishnu Vahana Traditional Chola Sculpture for Gifting & Home, Gold, 7.5 Inch, 1 Piece",,,false,,,https://bhunes.com/products/brass-garuda-face-wall-decor-handcrafted-vainateya-vishnu-vahana-traditional-chola-sculpture-for-gifting-home-gold-7-5-inch-1-piece,html,,FOUND,
BHU5409A,1,1,"Brass Garuda Mask Wall Hanging, Vishnu Vahana Garuda Face Sculpture for Vastu, Temple, Pooja & Home Decor, Gold, 4.5 Inch, 1 Piece",2439,2899,true,2,YES,https://bhunes.com/products/brass-garuda-mask-wall-hanging-vishnu-vahana-garuda-face-sculpture-for-vastu-temple-pooja-home-decor-gold-4-5-inch-1-piece,html,,FOUND,
BHU5410A,1,1,"Brass Garuda Face Sculpture Wall Hanging, Vishnu Vahana Garuda Mask, Traditional Temple Decor & Spiritual Gift, Gold, 5 Inch, 1 Piece",2019,2399,true,2,YES,https://bhunes.com/products/brass-garuda-face-sculpture-wall-hanging-vishnu-vahana-garuda-mask-traditional-temple-decor-spiritual-gift-gold-5-inch-1-piece,html,,FOUND,
BHU5366A,1,1,"Brass Garuda Idol Vainateya Vishnu Vahana Murti Handcrafted Traditional Chola Statue for Pooja Decor & Gifting, Gold, 2.5 Inch, 1 Piece",919,1099,true,,,https://bhunes.com/products/brass-garuda-idol-vainateya-vishnu-vahana-murti-handcrafted-traditional-chola-statue-for-pooja-decor-gifting-gold-2-5-inch-1-piece,html,,FOUND,
BHU5374A,1,1,"Brass Raja Murugan Idol, Handcrafted Subramanya Swamy Karthikeya Murti for Pooja, Decor & Gifting, Gold, 2 Inch, 1 Piece",419,499,true,2,YES,https://bhunes.com/products/brass-raja-murugan-idol-handcrafted-subramanya-swamy-karthikeya-murti-for-pooja-decor-gifting-gold-2-inch-1-piece,html,,FOUND,
BHU5477A,1,1,"Brass Murugan Kartikeya Idol, Subrahmanya Skanda Kumaraswamy Murti for Pooja, Home Decor, Gifting, Traditional Chola Art, Gold, 22 Inch, 1 Piece",37379,44499,true,1,YES,https://bhunes.com/products/brass-murugan-kartikeya-idol-subrahmanya-skanda-kumaraswamy-murti-for-pooja-home-decor-gifting-traditional-chola-art-gold-22-inch-1-piece,html,,FOUND,
BHU5214A,1,1,"Brass Murugan Idol Statue, Handcrafted Chola Style Subramanya Kartikeya for Pooja Home Decor Gift, Gold, 15 Inch, 1 Piece",13779,16399,true,2,YES,https://bhunes.com/products/brass-murugan-idol-statue-handcrafted-chola-style-subramanya-kartikeya-for-pooja-home-decor-gift-gold-15-inch-1-piece,html,,FOUND,
BHU5403A,1,1,"Brass Nataraja Idol, Handcrafted Lord Shiva Cosmic Dancer Chola Style Murti for Pooja, Home Decor & Gifting, Gold, 20 Inch, 1 Piece",23179,27599,true,1,YES,https://bhunes.com/products/brass-nataraja-idol-handcrafted-lord-shiva-cosmic-dancer-chola-style-murti-for-pooja-home-decor-gifting-gold-20-inch-1-piece,html,,FOUND,
BHU5404A,1,1,"Brass Nataraja Idol Handcrafted Chola Style Dancing Shiva Murti for Pooja Home Decor & Spiritual Gifting, Gold, 17 Inch, 1 Piece",10249,12199,true,1,YES,https://bhunes.com/products/brass-nataraja-idol-handcrafted-chola-style-dancing-shiva-murti-for-pooja-home-decor-spiritual-gifting-gold-17-inch-1-piece,html,,FOUND,
BHU5221A,1,1,"Brass Nataraja Sculpture, Handcrafted Chola Style Dancing Shiva Idol for Pooja, Temple Decor & Gifting, Gold, 12.5 Inch, 1 Piece",9319,11099,true,1,YES,https://bhunes.com/products/brass-nataraja-idol-handcrafted-chola-style-shiva-tandava-murti-for-pooja-decor-spiritual-gifting-gold-12-5-inch-1-piece,html,,FOUND,
BHU5383A,1,1,"Brass Tara Devi Mask Wall Hanging Handcrafted Mahavidya Goddess Face for Pooja, Home Decor & Spiritual Gifting, Gold, 11.5 Inch, 1 Piece",6049,7199,true,2,YES,https://bhunes.com/products/brass-tara-devi-mask-wall-hanging-handcrafted-mahavidya-goddess-face-for-pooja-home-decor-spiritual-gifting-gold-11-5-inch-1-piece,html,,FOUND,
BHU5384A,1,1,"Brass Tara Devi Mask Wall Hanging, Handcrafted Mahavidya Goddess Face Decor for Pooja, Temple & Gifting, Gold, 8.5 Inch, 1 Piece",2939,3499,true,2,YES,https://bhunes.com/products/brass-tara-devi-mask-wall-hanging-handcrafted-mahavidya-goddess-face-decor-for-pooja-temple-gifting-gold-8-5-inch-1-piece,html,,FOUND,
BHU5423A,1,1,"Brass Green Tara Idol Handcrafted Arya Tara Devi Murti Traditional Buddhist Statue for Pooja Home Decor Gifting, Gold, 13.5 Inch, 1 Piece",13519,16099,true,1,YES,https://bhunes.com/products/brass-green-tara-idol-handcrafted-arya-tara-devi-murti-traditional-buddhist-statue-for-pooja-home-decor-gifting-gold-13-5-inch-1-piece,html,,FOUND,
BHU5424A,1,1,"Brass White Tara Idol Murti, Handcrafted  Shveta Tara Devi Traditional Sculpture for Pooja, Decor & Gifting, Gold, 13 Inch, 1 Piece",10499,12499,true,1,YES,https://bhunes.com/products/brass-white-tara-idol-murti-handcrafted-shveta-tara-devi-traditional-sculpture-for-pooja-decor-gifting-gold-13-inch-1-piece,html,,FOUND,
BHU5425A,1,1,"Brass Tara Devi Idol on Wooden Stand, Mahavidya Goddess Murti for Pooja, Decor, Gifting, Handcrafted Chola Art, Gold, 17 Inch, 1 Piece",19739,23499,true,1,YES,https://bhunes.com/products/brass-tara-devi-idol-on-wooden-stand-mahavidya-goddess-murti-for-pooja-decor-gifting-handcrafted-chola-art-gold-17-inch-1-piece,html,,FOUND,
BHU5427A,1,1,"Brass Maa Tara Idol Murti, Handcrafted Mahavidya Tara Devi Statue for Pooja, Home Decor, Temple & Gifting, Gold, 14 Inch, 1 Piece",9739,11599,true,1,YES,https://bhunes.com/products/brass-maa-tara-idol-murti-handcrafted-mahavidya-tara-devi-statue-for-pooja-home-decor-temple-gifting-gold-14-inch-1-piece,html,,FOUND,
BHU5428A,1,1,"Brass White Tara Idol Handcrafted Arya Tara Goddess Murti Traditional Chola Statue for Pooja Decor & Gifting, Gold, 11 Inch, 1 Piece",8649,10299,true,1,YES,https://bhunes.com/products/brass-white-tara-idol-handcrafted-arya-tara-goddess-murti-traditional-chola-statue-for-pooja-decor-gifting-gold-11-inch-1-piece,html,,FOUND,
BHU5442A,1,1,"Brass Tara Devi Sculpture, Handcrafted Traditional Chola Style Goddess Idol for Pooja, Home Decor & Gifting, Gold, 14 Inch, 1 Piece",12099,14399,true,1,YES,https://bhunes.com/products/brass-tara-devi-sculpture-handcrafted-traditional-chola-style-goddess-idol-for-pooja-home-decor-gifting-gold-14-inch-1-piece,html,,FOUND,
BHU5443A,1,1,"Brass Half Tara Sculpture,Handcrafted  Tara Devi Idol Traditional Chola Art for Pooja, Home Decor & Gifting, Gold, 14 Inch, 1 Piece",12099,14399,true,1,YES,https://bhunes.com/products/brass-half-tara-sculpture-handcrafted-tara-devi-idol-traditional-chola-art-for-pooja-home-decor-gifting-gold-14-inch-1-piece,html,,FOUND,
BHU5465A,1,1,"Brass Maa Tara Mahavidya Idol, Handcrafted Traditional Chola Murti for Pooja, Spiritual Decor & Gifting, Gold, 6.5 Inch, 1 Piece",2859,3399,true,3,YES,https://bhunes.com/products/bhunes-tara-devi-gold-6-5-inch-1-piece,html,,FOUND,
BHU5245A,1,1,"Brass White Tara Idol Handmade Traditional Chola Style Tara Devi Murti for Pooja Decor & Gifting, Gold, 12.5 Inch, 1 Piece",11169,13299,true,1,YES,https://bhunes.com/products/brass-tara-maa-sculpture-handmade-mahavidya-tara-devi-idol-for-pooja-home-decor-spiritual-gifting-gold-12-5-inch-1-piece,html,,FOUND,
BHU5233A,1,1,"Brass Tara Devi Idol for Pooja & Home Decor, Handcrafted Traditional Mahavidya Goddess Sculpture, Gold, 11 Inch, 1 Piece",10499,12499,true,2,YES,https://bhunes.com/products/brass-tara-devi-idol-for-pooja-home-decor-handcrafted-traditional-mahavidya-goddess-sculpture-gold-11-inch-1-piece,html,YES,FOUND,
BHU5227A,1,1,"Brass Tara Devi Idol Handmade Traditional Chola Style Sculpture for Pooja, Spiritual Home Decor & Gifting, Gold, 20.5 Inch, 1 Piece",13779,16399,true,1,YES,https://bhunes.com/products/brass-tara-devi-idol-handmade-traditional-chola-style-sculpture-for-pooja-spiritual-home-decor-gifting-gold-20-5-inch-1-piece,html,,FOUND,
BHU1332A,1,1,"Bhunes Brass Prabhavali Arch Frame with Dual Yali – Wall Hanging Temple Backdrop | Traditional Prabhawali for Deity | Home Mandir Decor | Prabhaval for God Idol, Gold, 13 Inch, 1 Piece",4119,4899,true,,,https://bhunes.com/products/brass-prabhavali-arch-frame-with-dual-yali-wall-hanging-temple-backdrop,html,,FOUND,
BHU1334A,1,1,"Bhunes Brass Prabhavali with Yali, Elephant & Deities – Traditional Arch Frame Wall Hanging for Home Temple | Prabhawali Prabhaval for Murti Backdrop Decor, Gold, 9 Inch, 1 Piece",2099,2499,true,,,https://bhunes.com/products/brass-prabhavali-with-yali-elephant-deities-traditional-arch-frame,html,,FOUND,
BHU1339A,1,1,"Bhunes Brass Handmade Prabhavali Arch Frame for Deity – Wall Hanging Prabhawali Prabhaval for Temple, Home Decor & Pooja Backdrop | 1.8 KG Traditional Brass Arch, Gold, 13 Inch, 1 Piece",4369,5199,true,,,https://bhunes.com/products/brass-handmade-prabhavali-arch-frame-for-deity,html,,FOUND,
BHU1340A,1,1,"Bhunes Brass Handmade Prabhavali Arch Frame for Home Temple Decor – Wall Hanging Prabhawal Prabhawali Prabhaval for Deity | Traditional Kirtimukha Backdrop, Gold, 14.5 Inch, 1 Piece",,,false,,,https://bhunes.com/products/brass-handmade-prabhavali-arch-frame-for-home-temple-decor,html,,FOUND,
BHU1341A,1,1,"Bhunes Brass Prabhavali with Two Peacock | Traditional Arch Frame for God Idol | Prabhamandala Wall Hanging for Home Temple Decor | Prabhawali Backdrop for Deity | Mandir Pooja Prabhaval, Gold, 8.5 Inch, 1 Piece",2269,2699,true,,,https://bhunes.com/products/brass-prabhavali-with-two-peacock-traditional-arch-frame-for-god-idol,html,,FOUND,
BHU1342A,1,1,"Bhunes Brass Prabhavali Arch Frame Wall Hanging – Prabhawali Prabhaval for Home Temple Decor | Traditional Kirtimukha Brass Backplate for God Idol, Gold, 9.5 Inch, 1 Piece",2689,3199,true,,,https://bhunes.com/products/brass-prabhavali-arch-frame-wall-hanging-prabhawali-prabhaval,html,,FOUND,
BHU1343A,1,1,"Bhunes Handmade Brass Prabhavali Frame for Home Temple, Pooja Room, Deity Idols - Antique Wall Hanging Arch for Spiritual & Indian Decor, Gold, 8 Inch, 1 Piece",1009,1199,true,,,https://bhunes.com/products/handmade-brass-prabhavali-frame-for-home-temple,html,,FOUND,
BHU1344A,1,1,"Brass Small Prabhavali Frame – Wall Hanging Decorative Arch for Home Temple | Traditional Prabhawali, Prabhaval, Kirtimukha Pooja Decor, Gold, 7.5 Inch, 1 Piece",,,false,,,https://bhunes.com/products/brass-small-prabhavali-frame-wall-hanging-decorative-arch-for-home-temple-traditional-prabhawali,html,,FOUND,
BHU1345A,1,1,"Bhunes Hand-Carved Brass Prabhavali Arch Frame for Ganesha – Large Wall Hanging Prabhawali | Decorative Temple Backdrop for Pooja, Mandir & Home Decor, Gold, 17 Inch, 1 Piece",,,false,,,https://bhunes.com/products/hand-carved-brass-prabhavali-arch-frame-for-ganesha,html,,FOUND,
BHU1350A,1,1,"Brass Singhasan Chowki With Prabhavali, Deity Stand with Arch for Pooja Mandir, Handcrafted Peetha Bajot for Idols, Gold, 8 Inch, 1 Piece",2519,2999,true,,,https://bhunes.com/products/brass-singhasan-chowki-with-prabhavali-deity-stand-with-arch-for-pooja-mandir,html,YES,FOUND,
BHU1475A,1,1,"Brass Ullu Idol for Vastu | Handcrafted Peetal Owl Murti (Uluka, Gubbarellu, Pippaluk) for Wealth, Home Decor & Lakshmi Pooja,Gold, 8 Inch, 1 Piece",4029,4799,true,4,YES,https://bhunes.com/products/brass-ullu-idol-for-vastu-handcrafted-peetal-owl-murti,html,,FOUND,
BHU1513A_BHU1343A,1,1,"Traditional Brass Pooja Chowki, Puja Peeth Peetha Sinhasan Bajot Chowki, Handcrafted Brass Puja Pat Patta Platform for Home Mandir & Temple Decor,Gold, 9 Inch, 1 Piece",,,false,,,https://bhunes.com/products/bhunes-brass-shinghashan-with-prabhavali-for-god-chowki-peetha-peeta-peetalu-peetham-bajot-for-temple-sinhasan-with-frame-prabhaval-pooja-mandir-prabhawali-standgold-9-inch-1-piece,html,YES,FOUND,
BHU1514A,1,1,"Brass Handcrafted Pooja Chowki, Traditional Peetha Sinhasan for Idols, Mandir & Kalash Stand, Gold, 2.5 Inch, 1 Piece",3359,3999,true,,,https://bhunes.com/products/brass-handcrafted-pooja-chowki-traditional-peetha,html,,FOUND,
BHU1515A,2,1,"Brass Pooja Chowki Peetha Stand for Kalash, Idols & Deity, Handcrafted Bajot Aasan for Mandir & Temple Decor, Gold, 1 Inch, 1 Piece",2349,2799,true,1,YES,https://bhunes.com/products/brass-pooja-chowki-peetha-stand-for-kalash-idols-deity,html,,FOUND,
BHU1515A,2,2,"Brass Pooja Chowki with Prabhavali, Handcrafted Mandir Chowki Pedestal for Idol, Puja Stand, Ritual Puja Bajot, Home Temple Decor, Traditional Brass Altar,Gold, 8.5 Inch, 1 Piece",3359,3999,true,1,YES,https://bhunes.com/products/bhunes-brass-chowki-with-prabhavali-shinghashan-peetha-peeta-peetalu-peetham-bajot-for-temple-sinhasan-with-frame-prabhaval-pooja-mandir-prabhawali-standgold-8-5-inch-1-piece,html,,FOUND,
BHU1515A_BHU1343A,1,1,"Brass Pooja Chowki with Prabhavali, Handcrafted Mandir Chowki Pedestal for Idol, Puja Stand, Ritual Puja Bajot, Home Temple Decor, Traditional Brass Altar,Gold, 8.5 Inch, 1 Piece",3359,3999,true,1,YES,https://bhunes.com/products/bhunes-brass-chowki-with-prabhavali-shinghashan-peetha-peeta-peetalu-peetham-bajot-for-temple-sinhasan-with-frame-prabhaval-pooja-mandir-prabhawali-standgold-8-5-inch-1-piece,html,,FOUND,
BHU1539A,1,1,"Brass Shiva Statues |Lord Shiv Idol, Shankar Idol, Shiva |Lord Shiva Idols|Shankar Murti For Gift| Shiva Brass Statue| Home Decor, Showpiece,Gold, 10 Inch, 1 Piece",5119,6099,true,,,https://bhunes.com/products/brass-shiva-statues-lord-shiv-idol-shankar-idol-shiva-lord-shiva-idolsshankar-murti-for-gift-shiva-brass-statue-home-decor-showpiecegold-10-inch-1-piece,html,,FOUND,
BHU1552A,1,1,"Brass Prabhavali Arch Wall Hanging for Temple & Home Decor, Traditional Prabhawali Frame for Deity, Gold Finish, Gold, 14.5 Inch, 1 Piece",5709,6799,true,,,https://bhunes.com/products/brass-prabhavali-arch-wall-hanging-for-temple-home-decor-traditional-prabhawali,html,,FOUND,
BHU1649A,1,1,"Brass Deer Idol | Mriga, Harin, Maan, Jinka, Blackbuck Statue | Peetal, Pittal, Vellipittalam Showpiece, Gold, 8 Inch, 1 Piece",4449,5299,true,1,YES,https://bhunes.com/products/brass-deer-idol-mriga-harin-maan-jinka-blackbuck-statue,html,,FOUND,
BHU1672A,1,1,"Handmade Brass Fruit Bowl, Peetal Phal Dani Pital Phal Thali Pittal Decorative Velli Pittalam Bowl Traditional Indian Pooja Decor, Gold, 14 Inch, 1 Piece",5539,6599,true,4,YES,https://bhunes.com/products/handmade-brass-fruit-bowl-peetal-phal-dani-pital-phal-thali-pittal-decorative-velli-pittalam-bowl-traditional-indian-pooja-decor,html,YES,FOUND,
BHU1674A,1,1,"Brass Deer Idol Set of 2 – Peetal Mriga, Harin, Maan & Blackbuck Figurines | Decorative Brass Pittal Axis Deer Statue Showpiece for Home , Gold, 4.5 Inch, 1 Piece",2439,2899,true,,,https://bhunes.com/products/brass-deer-idol-set-of-2-peetal-mriga-harin,html,,FOUND,
BHU1675A,1,1,"Brass Deer Idol Set of 2 – Mriga, Harin, Maan, Jinka Figurines | Peetal, Pittal, Ashtadhatu Handcrafted Showpiece for Home & Temple Decor, Gold, 4.5 Inch, 1 Piece",2439,2899,true,1,YES,https://bhunes.com/products/brass-deer-idol-set-of-2-mriga-harin-maan-jinka-figurines-peetal-pittal-ashtadhatu,html,,FOUND,
BHU1753A,3,1,"Brass Handmade Lotus Shaped Pooja Chowki for God Idols, Kalash, Temples, Durable, Decorative Peetha Singhasan for Rituals and Worship, Gold, 1 Inch, 1 Piece",3609,4299,true,,,https://bhunes.com/products/brass-handmade-lotus-shaped-pooja-chowki-for-god-idols,html,,FOUND,
BHU1753A,3,2,"Brass Pooja Chowki with Prabhavali for Home Temple, Mandir Stand, Deity Idol Stand, Handmade Spiritual Puja Mandap, Decorative Brass Peetha, Rustproof Brass Chowki,Gold, 8 Inch, 1 Piece",4619,5499,true,,,https://bhunes.com/products/bhunes-brass-shinghashan-lotus-chowki-with-prabhavali-for-god-peetha-peeta-peetalu-peetham-bajot-for-temple-sinhasan-with-frame-prabhaval-pooja-mandir-prabhawali-standgold-8-inch-1-piece,html,,FOUND,
BHU1753A,3,3,"Brass Laxmi Idol | Lakshmi Murti | Maha Lakshmi Devi Statue | Brass Lakshmi Goddess Idol | Laxmi Murti for Pooja & Decor, Gold, 8.5 Inch, 1 Piece",8569,10199,true,,,https://bhunes.com/products/brass-laxmi-idol-lakshmi-murti-maha-lakshmi-devi-statue,html,,FOUND,
BHU1753A_BHU1343A,1,1,"Brass Pooja Chowki with Prabhavali for Home Temple, Mandir Stand, Deity Idol Stand, Handmade Spiritual Puja Mandap, Decorative Brass Peetha, Rustproof Brass Chowki,Gold, 8 Inch, 1 Piece",4619,5499,true,,,https://bhunes.com/products/bhunes-brass-shinghashan-lotus-chowki-with-prabhavali-for-god-peetha-peeta-peetalu-peetham-bajot-for-temple-sinhasan-with-frame-prabhaval-pooja-mandir-prabhawali-standgold-8-inch-1-piece,html,,FOUND,
BHU1758A,1,1,"Brass Shinghashan Chowki with Prabhavali, Handmade Peetha, Singhasan, Bajot Stand for Temple, Deity Idol Frame, Mandir Decor, Gold, 8 Inch, 1 Piece",2599,3099,true,,,https://bhunes.com/products/brass-shinghashan-chowki-with-prabhavali-handmade-peetha,html,YES,FOUND,
BHU1761A,1,1,"Bhunes Brass Prabhavali Frame Wall Hanging – Arch for Deity Backdrop, Prabhawali Prabhaval for Home Temple Decor | Traditional Pooja Brass Aura Frame, Gold, 7.5 Inch, 1 Piece",1009,1199,true,,,https://bhunes.com/products/brass-prabhavali-frame-wall-hanging,html,,FOUND,
BHU1762A,1,1,"Bhunes Brass Small Prabhavali Frame Arch Wall Hanging for Temple & Home Decor – Prabhawal, Prabhawali for Deity Backdrop, Gold, 5.5 Inch, 1 Piece",,,false,,,https://bhunes.com/products/brass-small-prabhavali-frame-arch-wall-hanging-for-temple-home-decor,html,,FOUND,
BHU1763A,1,1,"Bhunes Brass Prabhavali Arch Frame with Chakra – Wall Hanging Prabhawali for Deity | Traditional Temple Decor | Prabhaval for Home Mandir, Gold, 8.5 Inch, 1 Piece",2439,2899,true,,,https://bhunes.com/products/brass-prabhavali-arch-frame-with-chakra-wall-hanging-prabhawali-for-deity,html,,FOUND,
BHU1763A_BHU1512A,0,,,,,,,,https://bhunes.com/search?options%5Bprefix%5D=last&q=BHU1763A_BHU1512A,html,,NOT FOUND,
BHU17811A,1,1,"Brass Prabhavali Frame Arch Wall Hanging with Kirtimukha, Prabhawal & Prabhawali for Temple, Home Decor & Deity Backdrop | Traditional Brass Prabhavali for Pooja Room, Gold, 12 Inch, 1 Piece",2689,3199,true,,,https://bhunes.com/products/brass-prabhavali-frame-arch-wall-hanging-with-kirtimukha,html,,FOUND,
BHU17841A,1,1,"Bhunes Brass Big Prabhavali Frame Arch Wall Hanging – Prabhawali with Sheshnag for Temple, Deity Decor, and Home Mandir | Brass Pooja Backdrop & Religious Wall Hanging, Gold, 19 Inch, 1 Piece",7219,8599,true,,,https://bhunes.com/products/brass-big-prabhavali-frame-arch-wall-hanging,html,,FOUND,
BHU1890A,1,1,"Brass Prabhavali with Sheshnag Arch | Prabhawali for Deity Idol | Traditional Temple Frame Wall Hanging for Home Decor Mandir | Prabhaval for Pooja Room, Gold, 7 Inch, 1 Piece",1509,1799,true,,,https://bhunes.com/products/brass-prabhavali-with-sheshnag-arch-prabhawali-for-deity-idol,html,,FOUND,
BHU1891A,1,1,"Bhunes Brass Prabhavali Frame Arch Wall Hanging for Home Temple – Prabhawali with Kirtimukha and Sheshnag for Deity Backdrop | Traditional Pooja Decor, Gold, 10.5 Inch, 1 Piece",,,false,,,https://bhunes.com/products/brass-prabhavali-frame-arch-wall-hanging-for-home-temple,html,,FOUND,
BHU1928A,1,1,"Bhunes Brass Prabhavali Frame Arch Wall Hanging – Traditional Prabhawali for Home Temple, Deity Backdrop & Pooja Decor, Gold, 8 Inch, 1 Piece",1179,1399,true,3,YES,https://bhunes.com/products/brass-prabhavali-frame-arch-wall-hanging-2,html,,FOUND,
BHU194A,1,1,"Bhunes Brass Lord Murugan Idol | Kartikeya Statue | Karthikeyan Silai | Kumara Swami Murti | Subramanya Skanda Mahasena | Shanmukha, Gold, 11 Inch, 1 Piece",5709,6799,true,,,https://bhunes.com/products/brass-lord-murugan-idol-kartikeya-statue,html,YES,FOUND,
BHU1951A,1,1,"Handcrafted Bronze Prabhavali Idol – Panchaloha Temple Murti, Chola Art Decorative Halo & Sacred Arch for Pooja, Gold, 12 Inch, 1 Piece",8819,10499,true,1,YES,https://bhunes.com/products/handcrafted-bronze-prabhavali-idol-panchaloha-temple-murti,html,,FOUND,
BHU1999AB,1,1,"Bhunes Brass Prabhavali Frame Arch Wall Hanging - Big Prabhawal for Temple & Home Decor, Prabhawali for Deity, Prabhaval for Home Temple, Traditional Brass Arch Frame, Gold, 12 Inch, 1 Piece",5119,6099,true,,,https://bhunes.com/products/brass-prabhavali-frame-arch-wall-hanging-big-prabhawal,html,,FOUND,
BHU2002A,1,1,"Brass Nandi Idol | Handcrafted Nandikeshwara Bull of Shiva Statue | Peetal Basava Murti for Home & Temple Pooja, Gold, 3 Inch, 1 Piece",3439,4099,true,,,https://bhunes.com/products/brass-nandi-idol-handcrafted-nandikeshwara,html,,FOUND,
BHU2003A,1,1,"Brass Handcrafted Nandi Idol | Nandikeshwara Bull Statue | Shiva’s Vahana for Pooja, Temple & Home Decor, Gold, 3 Inch, 1 Piece",2439,2899,true,,,https://bhunes.com/products/brass-handcrafted-nandi-idol-nandikeshwara-bull-statue,html,,FOUND,
BHU2004A,1,1,"Bhunes Brass Handmade Prabhavali Frame Arch Wall Hanging for Home Temple Decor | Prabhawali for Deity, Traditional Brass Prabhavali, Decorative Arch for Pooja, Prabhamandala, Kirtimukha Design, Gold, 9 Inch, 1 Piece",1599,1899,true,,,https://bhunes.com/products/brass-handmade-prabhavali-frame-arch-wall-hanging-for-home-temple-decor,html,,FOUND,
BHU2050A,1,1,"Brass Ganga Jali Water Kamandal with Cow Face, Gomukhi Shringi Abhishek Patra, Pooja Loota Stoup for Hindu Rituals, Gold, 5.5 Inch, 1 Piece",3439,4099,true,,,https://bhunes.com/products/brass-ganga-jali-water-kamandal-with-cow-face,html,,FOUND,
BHU2180A,1,1,"Brass Balaji Prabhavali Frame Arch Wall Hanging – Prabhawal for Temple, Home Decor & Deity Backdrop | Prabhavali for Pooja, Prabhaval for Idol Worship, Gold, 10.5 Inch, 1 Piece",1759,2099,true,,,https://bhunes.com/products/brass-balaji-prabhavali-frame-arch-wall-hanging,html,,FOUND,
BHU2289A,1,1,"Handcrafted Brass Horse Idol | Ashwa Ghoda Showpiece for Home Decor, Vastu, Mandir | Peetal Kudirai Gurram Turang Statue by Bhunes,Brown, 12 Inch, 1 Piece",16379,19499,true,1,YES,https://bhunes.com/products/handcrafted-brass-horse-idol,html,,FOUND,
BHU2401A,1,1,"Bhunes Brass Temple Shaped Prabhavali Arch Frame – Wall Hanging Kirtimukha Prabhawal for Home Temple, Deity Backdrop & Pooja Decor, Gold, 12 Inch, 1 Piece",2519,2999,true,,,https://bhunes.com/products/brass-temple-shaped-prabhavali-arch-frame-wall-hanging-kirtimukha-prabhawal,html,,FOUND,
BHU4952A,1,1,"Bronze Abhishek Patra For Shivling Abhishekam Kalash Lingabhishekam Rudrabhishek Pooja Vessel Mandir Jal Kalasam Shiv Abhishek Patram Temple Abhisheka Lota Puja Kalash Shivling Abhishek Pathra, Gold, 4.5 Inch, 1 Piece",104079,123899,true,1,YES,https://bhunes.com/products/bronze-abhishek-patra-for-shivling-abhishekam-kalash-lingabhishekam-rudrabhishek-pooja-vessel-mandir-jal-kalasam-shiv-abhishek-patram-temple-abhisheka-lota-puja-kalash-shivling-abhishek-pathra-gold-4-5-inch-1-piece,html,YES,FOUND,
BHU2469A,14,1,"Brass Chowki with Prabhavali, Shinghashan with Arch, Peetha Singhasan Bajot for Temple Pooja Mandir Deity Stand, Gold, 10.5 Inch, 1 Piece",5119,6099,true,,,https://bhunes.com/products/brass-chowki-with-prabhavali-shinghashan-with-arch-peetha-bajot-for-temple,html,,FOUND,
BHU2469A,14,2,"Handcrafted Brass Vishnu Idol with Temple Style Prabhavali Peetam – Narayana, Venkateshwara, Balaji Murti for Home, Puja, and Decor,Gold, 10.5 Inch, 1 Piece",6969,8299,true,,,https://bhunes.com/products/handcrafted-brass-vishnu-idol-with-temple-style-prabhavali-peetam-narayana-venkateshwara-balaji-murti-for-home-puja-and-decorgold-10-5-inch-1-piece,html,,FOUND,
BHU2469A,14,3,"Handcrafted Brass Mariamman Idol, Mariyamma, Karumari Amman, Renuka Yellamma, Grama Devata Pital Murti for Home Temple & Puja Decor,Gold, 12 Inch, 1 Piece",6969,8299,true,,,https://bhunes.com/products/handcrafted-brass-mariamman-idol,html,,FOUND,
BHU2469A,14,4,"Brass Vishnu Lakshmi Idol with Temple Style Prabhavali Peetam – Handcrafted Narayana Lakshmi Murti, Venkateshwara Balaji Statue for Pooja, Home Decor & Gifting,Gold, 10.5 Inch, 1 Piece",6639,7899,true,,,https://bhunes.com/products/brass-vishnu-lakshmi-idol-with-temple-style-prabhavali-peetam-handcrafted-narayana-lakshmi-murti-venkateshwara-balaji-statue-for-pooja-home-decor-giftinggold-10-5-inch-1-piece,html,,FOUND,
BHU2469A,14,5,"Brass Vishnu Idol with Temple Style Prabhavali Peetam, Narayana Murti, Venkateshwara Vigraham, Balaji Statue for Home Decor, Pooja, Gifts & Spiritual Display,Gold, 10.5 Inch, 1 Piece",6969,8299,true,,,https://bhunes.com/products/brass-vishnu-idol-with-temple-style-prabhavali-peetam-narayana-murti-venkateshwara-vigraham-balaji-statue-for-home-decor-pooja-gifts-spiritual-displaygold-10-5-inch-1-piece,html,,FOUND,
BHU2469A,14,6,"Brass Ardhanarishvara Idol on Lotus Chowki with Temple Shaped Prabhavali, Divine Home Decor, Spiritual Statue, 12 Inch, Gold, 1 Piece",7639,9099,true,,,https://bhunes.com/products/brass-ardhanarishvara-idol-on-lotus-chowki-with-temple-shaped-prabhavali,html,,FOUND,
BHU2469A,14,7,"Brass Shiva Face Idol with Prabhavali, Mahadev Murti, Shankar Bholenath Statue, Handmade Home & Temple Decor,,Gold, 10.5 Inch, 1 Piece",7639,9099,true,,,https://bhunes.com/products/bhunes-brass-lord-siva-head-shiva-face-with-chowki-and-prabhavali-murti-for-temple-home-decorgold-10-5-inch-1-piece,html,,FOUND,
BHU2469A,14,8,"Brass Goddess Gowri Parvati Head Idol with Temple Prabhavali, Mahagauri Uma Devi Face Murti for Puja, Home Decor & Gifting,Gold, 10.5 Inch, 1 Piece",7389,8799,true,,,https://bhunes.com/products/brass-goddess-gowri-parvati-head-idol-with-temple-prabhavali,html,,FOUND,
BHU2469A,14,9,"Handcrafted Brass Durga Devi Idol on Lotus Chowki with Temple Prabhavali – Mahishasuramardini | Adi Shakti | Pital Durgadevi Murti for Home Temple & Navratri Puja,Gold, 10.5 Inch, 1 Piece",7389,8799,true,,,https://bhunes.com/products/handcrafted-brass-durga-devi-idol-on-lotus-chowki-with-temple-prabhavali,html,,FOUND,
BHU2469A,14,10,"Brass Lord Hayagriva Idol with Temple Style Prabhavali |  Hayagriva Murti | Hayagreeva Vigraha Statue for Pooja, Home & Gifts,Gold, 10.5 Inch, 1 Piece",6639,7899,true,,,https://bhunes.com/products/bhunes-brass-lord-hayagriva-swamy-idols-hayagrivar-hayagreeva-home-decor-hayashirsha-ji-ki-murti-on-lotus-chowki-with-temple-shaped-prabhavaligold-10-5-inch-1-piece,html,,FOUND,
BHU2469A,14,11,"Brass Murugan Idol with Prabhavali, Kartikeya Subramanya Skanda Shanmuga Velan Statue for Home Temple, Pooja & Decor, Handcrafted Peetal Pital Subrahmanya Vigraham,Gold, 10.5 Inch, 1 Piece",6129,7299,true,5,YES,https://bhunes.com/products/brass-murugan-idol-with-prabhavali-kartikeya-subramanya-skanda-shanmuga-velan-statue-for-home-temple-pooja-decor-handcrafted-peetal-pital-subrahmanya-vigraham,html,,FOUND,
BHU2469A,14,12,"Brass Lakshmi Narasimha Swamy Idol – Narasingha Statue for Pooja, Home Decor – Narasingh on Lotus Chowki with Temple-Style Prabhavali – Pittal Yoga-Narasimha Murti, Gold, 10.5 Inch, 1 Piece",7139,8499,true,,,https://bhunes.com/products/brass-lakshmi-narasimha-swamy-idol-narasingha-statue-for-pooja,html,,FOUND,
BHU2469A,14,13,"Brass Vishnu Idol Murti – Handcrafted Narayana, Venkateshwara, Balaji, Govinda, Srinivasa Statue for Home Decor, Pooja, Temple, and Spiritual Gifts,Gold, 10.5 Inch, 1 Piece",11419,13599,true,,,https://bhunes.com/products/brass-vishnu-idol-murti-handcrafted-narayana-venkateshwara-balaji-govinda-srinivasa-statue-for-home-decor-pooja-temple-and-spiritual-giftsgold-10-5-inch-1-piece,html,,FOUND,
BHU2469A,14,14,"Brass Sharabha Swamy Idol with Temple Chowki & Prabhavali – Powerful Sharabeshwara Sculpture for Home, Pooja & Gifting, Gold, 10.5 Inch, 1 Piece",,,false,,,https://bhunes.com/products/brass-sharabha-swamy-idol-with-temple-chowki-prabhavali,html,,FOUND,
BHU2506A,1,1,"Brass Pooja Chowki with Prabhavali, Handcrafted Singhasan Peetha for God Idol, Mandir Bajot, Temple Stand, Gold, 8 Inch, 1 Piece",3359,3999,true,,,https://bhunes.com/products/brass-pooja-chowki-with-prabhavali-handcrafted-singhasan,html,,FOUND,
BHU2528A,1,1,"Brass Abhishek Patra Abhishekam Tray Somasutra Plate Tirumanjana Peetam Abhisheka Spout Channel Dish Pital Puja Abhishek Plate for Temple Rituals and Deity Idols, Gold, 6 Inch, 1 Piece",4699,5599,true,4,YES,https://bhunes.com/products/brass-abhishek-patra-abhishekam-tray-somasutra-plate-tirumanjana-peetam-abhisheka,html,,FOUND,
BHU2528AB,1,1,"Brass Abhishek Patra, Abhisheka Plate, Abhishekam Tray, Somasutra Plate, Puja Abhisheka Peetam Ritual For Home & Temple, Gold, 8 Inch, 1 Piece",7559,8999,true,,,https://bhunes.com/products/brass-abhishek-patra-abhisheka-plate-abhishekam-tray,html,YES,FOUND,
BHU2564A,0,,,,,,,,https://bhunes.com/search?options%5Bprefix%5D=last&q=BHU2564A,html,,NOT FOUND,
BHU2619A,0,,,,,,,,https://bhunes.com/search?options%5Bprefix%5D=last&q=BHU2619A,html,,NOT FOUND,
BHU2660A,1,1,"Brass Prabhavali for Home Temple, Small Traditional Arch Frame, Wall Hanging Deity Backdrop, Pooja Mandir Decor, Makara Torana, Tiruvasi, Thiruvachi, Kirtimukha Design, Gold, 6.5 Inch, 1 Piece",919,1099,true,,,https://bhunes.com/products/brass-prabhavali-for-home-temple-small-traditional-arch-frame,html,,FOUND,
BHU2661A,16,1,"Bhunes Brass Sheshnag Singhasan with Five Heads, Snake Prabhavali Peetha Peetalu Peetham Bajot for Temple, Pooja Mandir Stand, and Home Decor, Gold, 10.5 Inch, 1 Piece",5379,6399,true,,,https://bhunes.com/products/brass-sheshnag-singhasan-with-five-heads-snake-prabhavali,html,,FOUND,
BHU2661A,16,2,"Brass Venkateshwara Idol - Balaji on Sheshanag Murti, Srinivasa Statue for Home Decor, Temple, Pooja, and Spiritual Gifting,Gold, 10.5 Inch, 1 Piece",7219,8599,true,,,https://bhunes.com/products/brass-venkateshwara-idol-balaji-on-sheshanag-murti-srinivasa-statue-for-home-decor-temple-pooja-and-spiritual-giftinggold-10-5-inch-1-piece,html,,FOUND,
BHU2661A,16,3,"Brass Vishnu on Sheshnag Idol – Handcrafted Peetal Murti of Narayana, Balaji, Venkateshwara for Home, Temple, and Office Decor,Gold, 10.5 Inch, 1 Piece",7139,8499,true,,,https://bhunes.com/products/brass-vishnu-on-sheshnag-idol-handcrafted-peetal-murti-of-narayana-balaji-venkateshwara-for-home-temple-and-office-decorgold-10-5-inch-1-piece,html,,FOUND,
BHU2661A,16,4,"Lord Krishna with Shesh Naga Idol – Balakrishna, Gopal, Murli Manohar, Panchaloha Handcrafted Krishna Murti Statue for Pooja & Home Decor,Gold, 10.5 Inch, 1 Piece",6639,7899,true,,,https://bhunes.com/products/lord-krishna-with-shesh-naga-idol-balakrishna-gopal-murli-manohar-pnchaloha-handcrafted-krishna-murti-statue-for-pooja-home-decorgold-10-5-inch-1-piece,html,,FOUND,
BHU2661A,16,5,"Handcrafted Brass Murugan with Sheshnag Idol – Lord Kartikeya | Skanda | Subramanya | Shanmukha Pital Statue for Home Temple Pooja & Gifts,Gold, 10.5 Inch, 1 Piece",6379,7599,true,5,YES,https://bhunes.com/products/handcrafted-brass-murugan-with-sheshnag-idol,html,,FOUND,
BHU2661A,16,6,"Brass Durga Devi on Sheshnag Idol – Sheshnag Vahini Mahishasura Mardini Murti | Naga Devi Shakti Moorthi for Puja, Temple & Home Decor,Gold, 10.5 Inch, 1 Piece",7639,9099,true,,,https://bhunes.com/products/brass-durga-devi-on-sheshnag-idol,html,,FOUND,
BHU2661A,16,7,"Brass Vishnu on Sheshnag Idol – Handmade Peetal Murti, Narayana Statue for Home, Temple, Puja & Office Decor,Gold, 10.5 Inch, 1 Piece",6889,8199,true,,,https://bhunes.com/products/brass-vishnu-on-sheshnag-idol-handmade-peetal-murti-narayana-statue-for-home-temple-puja-office-decorgold-10-5-inch-1-piece,html,,FOUND,
BHU2661A,16,8,"Brass Goddess Mariamman Idol on Sheshnag | Mariamma Murti, Mariyammal Vigraha, Aadi Mariamman Statue, Handcrafted South Indian Brass Idol, Home & Temple Decor,Gold, 10.5 Inch, 1 Piece",7139,8499,true,,,https://bhunes.com/products/brass-goddess-mariamman-idol-on-sheshnag-mariamma-murti,html,,FOUND,
BHU2661A,16,9,"Brass lakshmi Narasimha Swamy on Sheshnag Idol | Lakshmi Narasimha Murti | Yoga Narasimha Vigraha | Ugra Narasimha Statue | Narasingha Brass Moorti for Pooja, Home & Temple Decor,Gold, 10.5 Inch, 1 Piece",7139,8499,true,,,https://bhunes.com/products/brass-lakshmi-narasimha-swamy-on-sheshnag-idol,html,,FOUND,
BHU2661A,16,10,"Brass Mariamman Idol | Mari Amman Murti | Mariyammal Devi Statue | Shakti Durga Silai | Kuladeivam Moorthi | Samayapuram Mariamman Vigraham | South Indian Goddess Pooja Idol,Gold, 10.5 Inch, 1 Piece",7389,8799,true,,,https://bhunes.com/products/bhunes-brass-goddess-mariamman-idols-mariyamman-devi-karumariamman-silai-amman-statues-mariyamma-on-sheshnag-shinghashangold-10-5-inch-1-piece,html,,FOUND,
BHU2661A,16,11,"Brass Gowri Sheshnag Idol – Shesha Gauri Head on Serpent Hood | Naga Devatha Gauri Face Murti for Puja, Home Decor & Gifting,Gold, 10.5 Inch, 1 Piece",7639,9099,true,,,https://bhunes.com/products/brass-gowri-sheshnag-ido,html,,FOUND,
BHU2661A,16,12,"Brass Vishnu Lakshmi on Sheshnag Idol, Lakshmi Narayan Narayana Murti, Peetal Pittal Vishnu Srinivasa Padmanabha Statue for Home Temple Decor & Gifts,Gold, 10.5 Inch, 1 Piece",6889,8199,true,,,https://bhunes.com/products/brass-vishnu-lakshmi-on-sheshnag-idol-lakshmi-narayan-narayana-murti-peetal-pittal-vishnu-srinivasa-padmanabha-statue-for-home-temple-decor-giftsgold-10-5-inch-1-piece,html,,FOUND,
BHU2661A,16,13,"Brass Shiva Head on Sheshnag | Mahadev Face Idol | Bholenath Murti | Rudra Statue | Neelkanth Brass Face | Lord Shiva Idol for Home Decor, Temple & Puja,Gold, 10.5 Inch, 1 Piece",7899,9399,true,,,https://bhunes.com/products/bhunes-brass-lord-siva-head-shiva-face-on-sheshnag-shinghashan-for-temple-home-decorgold-10-5-inch-1-piece,html,,FOUND,
BHU2661A,16,14,"Brass Ardhanarishvara Idol On 5-Headed Sheshnag Chowki, Home Decor Statue, Perfect Ardhnarishwar/Ardhnari Murti, Gold, 10.5 Inch, 1 Piece",7899,9399,true,,,https://bhunes.com/products/brass-ardhanarishvara-idol-on-5-headed-sheshnag-chowki-home-decor-statue-ardhnarishwar-ardhnari-murti-gold-10-5-inch,html,,FOUND,
BHU2661A,16,15,"Brass Krishna Idol on Sheshnag | Gopal, Balakrishna, Radha Krishna Murti for Home, Temple & Pooja Decor,Gold, 10.5 Inch, 1 Piece",,,false,,,https://bhunes.com/products/brass-krishna-idol-on-sheshnag-gopal-balakrishna-radha-krishna-murti-for-home-temple-pooja-decorgold-10-5-inch-1-piece,html,,FOUND,
BHU2661A,16,16,"Brass Lord Sharabha Idol – Avatar of Lord Shiva Sharabeshwara Swamy Murti on Sheshnag Singhasan for Home Temple Decor, Gold, 10.5 Inch, 1 Piece",,,false,,,https://bhunes.com/products/brass-lord-sharabha-idol-avatar-of-lord-shiva-sharabeshwara-swamy-murti,html,,FOUND,
BHU2666A,1,1,"Bhunes Brass Abhishek Patra Plate, Somasutra Ritual Shower Peetam, Handcrafted Brass Mandir Chowki for Pooja, Gold, 12 Inch, 1 Piece",9069,10799,true,,,https://bhunes.com/products/brass-abhishek-patra-plate-somasutra-ritual-shower-peetam,html,,FOUND,
BHU2667A,1,1,"Brass Temple Pooja Mandir, Religious Home Decor for Living Room, Mandap for Puja Decoration, Gold, 15 Inch, 1 Piece",,,false,,,https://bhunes.com/products/brass-temple-pooja-mandir-religious-home-decor,html,YES,FOUND,
BHU2668A,1,1,"Brass Pooja Chowki – Handcrafted Peetha Singhasan for Deity | Traditional Peetal Bajot for Home Temple, Mandir, Kalash Stand, Pital Aasan Decor, Gold, 2 Inch, 1 Piece",1849,2199,true,,,https://bhunes.com/products/brass-pooja-chowki-handcrafted-peetha-singhasan-for-deity,html,,FOUND,
BHU2669AB,1,1,"Bhunes Brass Prabhavali Arch Frame Wall Hanging – Traditional Prabhawali | Prabhaval for Temple, Deity Backdrop & Home Decor | Handmade, Gold, 6.5 Inch, 1 Piece",,,false,,,https://bhunes.com/products/brass-prabhavali-arch-frame-wall-hanging-traditional-prabhawali,html,,FOUND,
BHU2800A,1,1,"Handcrafted Bronze Prabhavali | Panchaloha Arch Frame for God Idol | Traditional Temple Backdrop for Pooja, Mandir & Wall Decor, Gold, 9 Inch, 1 Piece",7309,8699,true,1,YES,https://bhunes.com/products/handcrafted-bronze-prabhavali-panchaloha-arch-frame-for-god-idol,html,,FOUND,
BHU2860A,1,1,"Brass Snake Shaped Pooja Chowki with Nandi Handcrafted Shiva Linga Stand, Shaligram Singhasan, Peetha for Mandir, Bajot for Puja Room, Gold, 5 Inch, 1 Piece",2939,3499,true,,,https://bhunes.com/products/brass-snake-shaped-pooja-chowki-with-nandi,html,,FOUND,
BHU2871A,1,1,"Handcrafted Brass Temple Mandir for Home Pooja, Peetal Devalayam Puja Ghar Kovil Aalayam Devghar Singhasan Chowki,Gold, 21 Inch, 1 Piece",36119,42999,true,1,YES,https://bhunes.com/products/brass-temple-pooja-mandir-home-bajot-pooja-decoration-religious-home-decor-puja-mandir-mandap,html,YES,FOUND,
BHU2872A,1,1,"Brass Solid Heavy Kettle, Ketalee, Kettledrum, Jar, Pot, Surai, With Strainer, Surahi, Jug, Pitcher, Brass Decoratives, Gift, Home Decor,Gold, 8 Inch, 1 Piece",11259,13399,true,1,YES,https://bhunes.com/products/brass-solid-heavy-kettle-ketalee-kettledrum-jar-pot-surai-with-strainer-surahi-jug-pitcher-brass-decoratives-gift-home-decor,html,,FOUND,
BHU2906A,0,,,,,,,,https://bhunes.com/search?options%5Bprefix%5D=last&q=BHU2906A,html,,NOT FOUND,
BHU2919A,1,1,"Brass Yali Candle Holder Stand, Handcrafted Lion (Sher) Pooja Deepam Stand for Temple, Diya, and Home Decor, Brown, 13 Inch, 1 Piece",9659,11499,true,4,YES,https://bhunes.com/products/brass-yali-candle-holder-stand,html,YES,FOUND,
BHU299A,1,1,"Brass Nandi Idol | Peetal Vrishabha Statue | Basava Bull Showpiece | Shiva Vahana Decorative Idol for Home Temple & Pooja,Gold, 4 Inch, 1 Piece",2519,2999,true,4,YES,https://bhunes.com/products/brass-nandi-idol-peetal-vrishabha-statue-basava-bull-showpiece,html,,FOUND,
BHU3015A,1,1,"Brass Pooja Chowki Bajot, Handmade Temple Peetha, Poja Aasan Stand for Idols, Kalash, Deity Singhasan, Mandir Platform, Gold, 3 Inch, 1 Piece",4369,5199,true,,,https://bhunes.com/products/brass-pooja-chowki-bajot-handmade-temple-peetha,html,YES,FOUND,
BHU3021A,1,1,"Brass Chowki with Prabhavali, Deity Singhasan Peetha Bajot for Mandir Pooja, Idol Aasan with Arch, Gold, 14.5 Inch, 1 Piece",8149,9699,true,,,https://bhunes.com/products/brass-chowki-with-prabhavali-deity-singhasan-peetha-bajot-for-mandir-pooja,html,,FOUND,
BHU3022A,1,1,"Bhunes Traditional Brass Prabhavali for Home Temple & Wall Decor – Decorative Arch Backdrop for God Idols | Handcrafted Deity Aura Frame, Gold, 13 Inch, 1 Piece",4369,5199,true,,,https://bhunes.com/products/traditional-brass-prabhavali-for-home-temple-wall-decor,html,,FOUND,
BHU3025A,0,,,,,,,,https://bhunes.com/search?options%5Bprefix%5D=last&q=BHU3025A,html,,NOT FOUND,
BHU3062C,1,1,"Brass Abhishek Patra for Shiva Lingam, Pital Somasutra Peetam Abhishekam Plate for Puja, Temple, Moorti & Vigraha Rituals,Gold, 6 Inch, 1 Piece",,,false,,,https://bhunes.com/products/brass-abhishek-patra-for-shiva-lingam,html,,FOUND,
BHU3062D,1,1,"Brass Abhishek Patra Somasutra Plate Snana Jal Patra Abhishekam Kalash Pital Peetal Pittal Pooja Vessel for Shiva Lingam Temple Puja,Gold, 4.5 Inch, 1 Piece",,,false,,,https://bhunes.com/products/bhunes-brass-abhishek-patra-plate-sacred-somasutra-peetam-for-puja-ritual-offeringsgold-5-inch-1-piece,html,YES,FOUND,
BHU3107A,0,,,,,,,,https://bhunes.com/search?options%5Bprefix%5D=last&q=BHU3107A,html,,NOT FOUND,
BHU3108A,1,1,"Brass Chowki with Prabhavali, Temple Singhasan Peetha for Idols, Pooja Bajot Deity Stand with Arch, Gold, 10 Inch, 1 Piece",3529,4199,true,,,https://bhunes.com/products/brass-chowki-with-prabhavali-temple-singhasan-peetha-for-idols,html,,FOUND,
BHU3111A,1,1,"Bhunes Brass Small Prabhavali for Home Temple, Wall Hanging Arch Frame, Traditional Round Tiruvasi Makara Torana Pooja Backdrop for Idols & Decor, Gold, 8 Inch, 1 Piece",1009,1199,true,,,https://bhunes.com/products/brass-small-prabhavali-for-home-temple-wall-hanging-arch-frame,html,,FOUND,
BHU3151A,1,1,"Brass Fruit Bowl Peetal Phal Dani Pital Phal Thali Pittal Decorative Velli Pittalam Bowl Traditional Indian Pooja Decor,Gold, 2 Inch, 1 Piece",1179,1399,true,3,YES,https://bhunes.com/products/brass-fruit-bowl-peetal-phal-dani-pital-phal-thali-pittal-decorative-velli-pittalam-bowl-traditional-indian-pooja-decor,html,YES,FOUND,
BHU3179AB,1,1,"Bhunes Brass Prabhavali Arch Frame With Kirthimukha Thiruvachi, Wall Hanging Prabhawali For Deity, Temple Backdrop | Prabhaval For Home Mandir Decor, Gold, 10 Inch, 1 Piece",2179,2599,true,,,https://bhunes.com/products/brass-prabhavali-arch-frame-with-kirthimukha-thiruvachi,html,,FOUND,
BHU3183A,1,1,"Brass Deity Stand With Prabhavali and Chowki, Temple Singhasan Peetha Bajot For Idols, Handmade Brass God Throne, Gold, 19 Inch, 1 Piece",14109,16799,true,,,https://bhunes.com/products/brass-deity-stand-with-prabhavali-and-chowki-temple-singhasan-peetha-bajot-for-idols,html,,FOUND,
BHU3302A,1,1,"Bhunes Brass Prabhavali for Idols Handcrafted – Traditional Temple Arch Backdrop Frame for Murti, Pooja Room, Mandir Decor, Wall Hanging – Kirtimukha Aura Backplate, Gold, 11 Inch, 1 Piece",2349,2799,true,,,https://bhunes.com/products/brass-prabhavali-for-idols-handcrafted-traditional-temple-arch,html,,FOUND,
BHU3309A,1,1,"Brass Prabhavali for Idols Handcrafted – Traditional Temple Arch Frame | Prabhamandala Tiruvasi Aura Backplate for God Statue | Decorative Pooja Mandapam Wall Hanging, Gold, 11 Inch, 1 Piece",2769,3299,true,,,https://bhunes.com/products/brass-prabhavali-for-idols-handcrafted,html,,FOUND,
BHU5095A,1,1,"Brass Handcrafted Buddha Idol, Gautama Buddha Shakyamuni Siddhartha Gautama Dhyana Meditating Buddha Murti Statue for Home Decor, Pooja, Meditation, Vastu & Spiritual Gift, Gold, 10.5 Inch, 1 Piece",6719,7999,true,4,YES,https://bhunes.com/products/brass-handcrafted-buddha-idol-gautama-buddha-shakyamuni-siddhartha-gautama-dhyana-meditating-buddha-murti-statue-for-home-decor-pooja-meditation-vastu-spiritual-gift-gold-10-5-inch-1-piece,html,YES,FOUND,
BHU5107A,1,1,"Brass Garud Dev Idol Garuda Bhagwan Vishnu Vahana Murti for Pooja Home Decor Traditional Chola Gift, Gold, 4.5 Inch, 1 Piece",2939,3499,true,3,YES,https://bhunes.com/products/brass-garud-dev-idol-garuda-bhagwan-vishnu-vahana-murti-for-pooja-home-decor-traditional-chola-gift-gold-4-5-inch-1-piece,html,,FOUND,
BHU5108A,1,1,"Brass Padmanabhaswamy Idol Anantha Shayana Vishnu Murti Traditional Handcrafted Pooja Decor Gift, Gold, 1.5 Inch, 1 Piece",1929,2299,true,,,https://bhunes.com/products/brass-padmanabhaswamy-idol-anantha-shayana-vishnu-murti-traditional-handcrafted-pooja-decor-gift-gold-1-5-inch-1-piece,html,,FOUND,
BHU3401A,2,1,"Bhunes Brass Chowki with Prabhavali, Handmade Deity Stand, Temple Singhasan, Peetha Bajot for Idols, Pooja Mandir Platform, Shinghashan with Arch, Gold, 10.5 Inch, 1 Piece",4869,5799,true,,,https://bhunes.com/products/brass-chowki-with-prabhavali-handmade-deity-stand,html,,FOUND,
BHU3401A,2,2,"Bhunes Brass Round Prabhavali Arch Frame – Kirtimukha Tiruvachi Wall Hanging for Deity | Prabhawali Prabhaval for Temple & Home Decor, Gold, 8 Inch, 1 Piece",1179,1399,true,2,YES,https://bhunes.com/products/brass-round-prabhavali-arch-frame-kirtimukha-tiruvachi-wall-hanging-for-deity,html,,FOUND,
BHU3419A,0,,,,,,,,https://bhunes.com/search?options%5Bprefix%5D=last&q=BHU3419A,html,,NOT FOUND,
BHU3429A,1,1,"Brass Tortoise Idol, Kurma Avatar Figurine, Kachhua Statue for Vastu & Feng Shui, Long Life, Wealth, Harmony Decor,Gold, 2.5 Inch, 1 Piece",2599,3099,true,3,YES,https://bhunes.com/products/brass-tortoise-idol-kurma-avatar-figurine-kachhua-statue,html,,FOUND,
BHU342A,1,1,"Bhunes Brass Peacock Prabhavali Frame Arch Wall Hanging for Temple & Home Decor, Traditional Prabhawali for Deity, Brass God Idol Halo, Gold Finish, Gold, 7.5 Inch, 1 Piece",1089,1299,true,,,https://bhunes.com/products/brass-peacock-prabhavali-frame-arch-wall-hanging-for-temple-home-decor,html,,FOUND,
BHU3433A,0,,,,,,,,https://bhunes.com/search?options%5Bprefix%5D=last&q=BHU3433A,html,,NOT FOUND,
BHU343A,1,1,"Brass Prabhavali Idol | Prabhavalli Temple Arch Frame | Mandala & Kirtimukha Halo for Murti | Decorative Brass Aura / Idol Backplate | Pooja Room & Home Temple Decor,Gold, 8 Inch, 1 Piece",3189,3799,true,,,https://bhunes.com/products/bhunes-brass-beautiful-prabhavali-with-shashnag-frame-arch-wall-hanging-prabhawal-for-temple-home-decor-prabhawali-for-diety-prabhavalgold-8-inch-1-piece,html,,FOUND,
BHU345A,1,1,"Bhunes Brass Traditional Prabhavali Arch Frame – Wall Hanging Prabhawali for Home Temple Decor | Prabhaval for Deity Idol | Kirtimukha Brass Backdrop, Gold, 11 Inch, 1 Piece",2349,2799,true,2,YES,https://bhunes.com/products/brass-traditional-prabhavali-arch-frame-wall-hanging-prabhawali,html,,FOUND,
BHU3502A,1,1,"Brass Tortoise Idol | Vastu Kurma Avatar Kachhua Figurine for Home, Feng Shui, Wealth & Long Life Decor,Gold, 2 Inch, 1 Piece",3699,4399,true,3,YES,https://bhunes.com/products/brass-tortoise-idol-vastu-kurma-avatar-kachhua-figurine,html,,FOUND,
BHU352A,0,,,,,,,,https://bhunes.com/search?options%5Bprefix%5D=last&q=BHU352A,html,,NOT FOUND,
BHU3532A,1,1,"Brass Deer Idol | Mriga Harin Jinka Chital Cheetal Barasingha Blackbuck Showpiece | Handcrafted Peetal Pital Pittal Sculpture for Home Decor & Gifts,Brown, 4.5 Inch, 1 Piece",3609,4299,true,1,YES,https://bhunes.com/products/brass-deer-idol-mriga-harin-jinka-chital-cheetal,html,,FOUND,
BHU3534A,0,,,,,,,,https://bhunes.com/search?options%5Bprefix%5D=last&q=BHU3534A,html,,NOT FOUND,
BHU3547A,1,1,"Bhunes Brass Temple Mandir, Handmade Pooja Mandap for Home, Religious Decor, Puja Room, Brass Mandir for Pooja Decoration & Gifts, Gold, 21 Inch, 1 Piece",39559,47099,true,1,YES,https://bhunes.com/products/brass-temple-mandir-handmade-pooja-mandap-for-home,html,,FOUND,
BHU3649AE,1,1,"Brass Handcrafted Homa Sruk Yajna Spoon with Lion Face, Traditional Achamani Ladle for Havan, Agnihotra, and Vedic Pooja Rituals, Gold, 3 Inch, 1 Piece",4449,5299,true,,,https://bhunes.com/products/brass-handcrafted-homa-yajna-spoon-with-lion-face-traditional-achamani-ladle-for-havan-agnihotra,html,YES,FOUND,
BHU3702A,0,,,,,,,,https://bhunes.com/search?options%5Bprefix%5D=last&q=BHU3702A,html,,NOT FOUND,
BHU3739A,1,1,"Brass Three Wise Monkeys Idol – Gandhiji Ke Teen Bandar | See No Evil, Hear No Evil, Speak No Evil Statue for Home Decor, Office, Gifts,Gold, 2 Inch, 1 Piece",1179,1399,true,4,YES,https://bhunes.com/products/three-wise-monkeys-idol,html,,FOUND,
BHU3780A,1,1,"Handmade Brass Peetal Kettle Idol | Traditional Pittal Tea Pot Surahi for , Decor & Gift | Vintage Indian Hitale Tambra Pittal Water Pot Murti,Brown, 9 Inch, 1 Piece",2769,3299,true,1,YES,https://bhunes.com/products/handmade-brass-peetal-kettle-idol,html,,FOUND,
BHU3789A,1,1,"Handcrafted Brass Horse Idol – Marwari, Kathiawari, Ashwa, Ghoda Statue for Home, Office, Temple Decor, Vastu & Feng Shui Showpiece,Brown, 3.5 Inch, 1 Piece",1259,1499,true,3,YES,https://bhunes.com/products/handcrafted-brass-horse-idol-marwari-kathiawari,html,,FOUND,
BHU3831A,1,1,"Brass Dog Idol Set of 3 – Handcrafted Sitting, Standing & Sleeping Desi Kutta Figurines, Peetal Dog Sculpture for Home Décor & Gift,Gold, 5.5 Inch, 1 Piece",6299,7499,true,4,YES,https://bhunes.com/products/brass-dog-idol-set-of-3-handcrafted-sitting-standing-sleeping,html,,FOUND,
BHU3866A,1,1,"Brass Handcrafted Deer Idol – Mrig, Harin, Chital Murti, Pital / Pittal Sculpture for Home, Office & Mandir Decor,Brown, 5 Inch, 1 Piece",4699,5599,true,1,YES,https://bhunes.com/products/handcrafted-brass-deer-idol-mrig-harin-chital-murti-pital-pittal-sculpture,html,,FOUND,
BHU3867A,0,,,,,,,,https://bhunes.com/search?options%5Bprefix%5D=last&q=BHU3867A,html,,NOT FOUND,
BHU3870A,1,1,"Brass Kamandalu Kalash | Antique Peetal Kamandal Gangajali for Pooja, Rishi Muni Sadhu Rituals & Temple Decor,Gold, 10 Inch, 1 Piece",5209,6199,true,1,YES,https://bhunes.com/products/brass-kamandalu-kalash,html,,FOUND,
BHU4896A,1,1,"Brass Saligrama Stand Peetham for Shaligram Shila Vishnu Narayana, Traditional Shaligrama Peedam Asanam Pedestal for Pooja Mandir Vaishnava Worship, Gold, 2.5 Inch, 1 Piece",,,false,,,https://bhunes.com/products/brass-saligrama-stand-peetham-for-shaligram-shila-vishnu-narayana-traditional-shaligrama-peedam-asanam-pedestal-for-pooja-mandir-vaishnava-worship,html,YES,FOUND,
BHU3894A,1,1,"Handcrafted Brass Elephant,Traditional Hasti, Gajraj,Yanai Elephant for Vastu, Pooja & Home Decor,Gold, 12 Inch, 1 Piece",23269,27699,true,1,YES,https://bhunes.com/products/handcrafted-brass-elephanttraditional-hasti-gajrajyanai-elephant-for-vastu-pooja-home-decor,html,,FOUND,
BHU3895A,1,1,"Brass Handcrafted Piggy Bank Gullak | Traditional Peetal Pital Coin Bank Idol | Vintage Money Box Murti Showpiece for Home Decor & Gifts,Gold, 6.5 Inch, 1 Piece",,,false,,,https://bhunes.com/products/brass-handcrafted-piggy-bank-gullak-traditional-peetal-pital-coin-bank-idol,html,,FOUND,
BHU3899A,1,1,"Handcrafted Brass Nandi Bull Face Wall Hanging | Vrishabha Basava Nandikeshwara Sculpture for Temple, Pooja Room & Vastu Decor,Gold, 13 Inch, 1 Piece",7899,9399,true,1,YES,https://bhunes.com/products/handcrafted-brass-nandi-bull-face-wall-hanging,html,,FOUND,
BHU3902A,1,1,"Handcrafted Brass Camel Idol, Rajasthani Desert Camel Statue, Pushkar Camel Figurine, Antique Peetal Murti for Home Décor & Gifting,Gold, 5.5 Inch, 1 Piece",,,false,,,https://bhunes.com/products/handcrafted-brass-camel-idol-rajasthani-desert-camel-statue,html,,FOUND,
BHU3905A,1,1,"Brass Handcrafted Piggy Bank Idol – Antique Peetal Money Box, Kids Coin Collector, Decorative Murti for Home Decor & Prosperity Gift,Gold, 4.5 Inch, 1 Piece",,,false,,,https://bhunes.com/products/brass-handcrafted-piggy-bank-idol-antique-peetal-money-box-kids-coin-collector,html,,FOUND,
BHU3910A,0,,,,,,,,https://bhunes.com/search?options%5Bprefix%5D=last&q=BHU3910A,html,,NOT FOUND,
BHU3913A,0,,,,,,,,https://bhunes.com/search?options%5Bprefix%5D=last&q=BHU3913A,html,,NOT FOUND,
BHU3962A,1,1,"Brass Traditional Prabhavali Frame, Handcrafted Arch Wall Hanging For Home Temple & Decor, Gold, 6.5 Inch, 1 Piece",,,false,,,https://bhunes.com/products/brass-traditional-prabhavali-frame-handcrafted-arch,html,,FOUND,
BHU3963A,1,1,"Brass Pooja Chowki Peetha Singhasan Stand for Temple, Handmade Heavy Chowki for Kalash & Deity Idols, Gold, 2 Inch, 1 Piece",2349,2799,true,,,https://bhunes.com/products/brass-pooja-chowki-peetha-singhasan-stand-for-temple,html,,FOUND,
BHU3969A,1,1,"Bhunes Brass Kamakshi Idol – Handcrafted Kamakhya Devi, Tripura Sundari, Raja Rajeshwari & Meenakshi Murti For Home Temple & Pooja,Gold, 4 Inch, 1 Piece",1849,2199,true,2,YES,https://bhunes.com/products/bhunes-kamakshigold-4-inch-1-piece,html,,FOUND,
BHU3998A,1,1,"Vishnu Idol – Narayana Murti, Hari Vigraham, Madhava Pratima, Govinda Krishna Moorti, Achyuta Mukunda Statue for Home, Temple, Pooja Room, Meditation,Gold, 4 Inch, 1 Piece",1179,1399,true,4,YES,https://bhunes.com/products/bhunes-brass-small-vishnu-idol-handcrafted-lord-vishnu-murti-for-home-temple-spiritual-worship-light-weightedgold-4-inch-1-piece,html,,FOUND,
BHU3999A,1,1,"Brass Handcrafted Vishnu Idol, Narayana Murti, Govinda Statue, Krishna Vigraha, Achyuta Moorti, Madhava Idol for Pooja, Home Temple, Spiritual Deco,Gold, 5 Inch, 1 Piece",,,false,,,https://bhunes.com/products/bhunes-brass-small-vishnu-idol-handcrafted-lord-vishnu-murti-for-home-temple-spiritual-worship-light-weightedgold-5-inch-1-piece,html,,FOUND,
BHU4000A,1,1,"Brass Vishnu Idol – Narayana, Balaji, Venkateswara, Srinivasa, Govinda Murti for Home Temple, Pooja Room & Spiritual Decor,Gold, 6.5 Inch, 1 Piece",3949,4699,true,1,YES,https://bhunes.com/products/brass-vishnu-idol-narayana-balaji,html,,FOUND,
BHU4001A,1,1,"Brass Mahishasura Mardini Idol, Durga Murti, Chamundi Statue, Shakti Vigraham, Jagadamba Sculpture for Home Temple, Pooja Room, Navratri & Durga Puja Decor,Gold, 5.5 Inch, 1 Piece",6799,8099,true,3,YES,https://bhunes.com/products/bhunes-brass-durga-idol-handcrafted-goddess-durga-murti-for-home-temple-spiritual-decor-light-weightedgold-5-5-inch-1-piece,html,,FOUND,
BHU4003A,1,1,"Handcrafted Brass Elephant, Gaja, Hathi, Gajraj, Aana, Yanai, Gajendra, Peetal Gajavahan for Home, Temple, Vastu, Gift Decor,Gold, 3 Inch, 1 Piece",,,false,,,https://bhunes.com/products/handcrafted-brass-elephant-gaja-hathi-gajraj-aana-yanai-gajendra-peetal-gajavahan-for-home-temple-vastu-gift-decor,html,,FOUND,
BHU4004A,1,1,"Handcrafted Brass Nandi, Nandikeshwara Basava, Shiva Vahana Vrishabha for Puja, Vastu & Home Decor,Gold, 2 Inch, 1 Piece",,,false,,,https://bhunes.com/products/handcrafted-brass-nandi-nandikeshwara-basava-shiva-vahana-vrishabha-for-puja-vastu-home-decor,html,,FOUND,
BHU4006A,1,1,"Handcrafted Brass Lakshmi Idol – Mahalakshmi, Gaja Lakshmi, Shri Devi, Kamala, Padma – Pital Murti for Pooja, Mandir, Diwali, Vastu, and Gifts,Gold, 4.5 Inch, 1 Piece",2769,3299,true,1,YES,https://bhunes.com/products/handcrafted-brass-lakshmi-idol-2,html,,FOUND,
BHU4008A,1,1,"Brass Hanuman Idol – Anjaneya, Bajrangbali, Pavanputra, Sankat Mochan, Veer Hanuman Murti for Puja, Home Temple & Gifts,Gold, 4.5 Inch, 1 Piece",4789,5699,true,2,YES,https://bhunes.com/products/brass-hanuman-idol,html,,FOUND,
BHU4009A,1,1,"Brass Ganesh Idol – Vinayaka, Ganapati, Vighnaharta, Pillaiyar, Siddhivinayak Murti for Home, Mandir, Pooja & Gifts – Handcrafted Peetal Ganpati Statue,Gold, 4.5 Inch, 1 Piece",2519,2999,true,2,YES,https://bhunes.com/products/brass-ganesh-idol,html,,FOUND,
BHU4010A,1,1,"Brass Krishna Idol | Murlidhar Kanha Gopal Govinda Murti | Handmade Shree Krishna Statue for Home Temple, Janmashtami & Gift,Gold, 6.5 Inch, 1 Piece",,,false,,,https://bhunes.com/products/brass-krishna-idol,html,,FOUND,
BHU4011A,1,1,"Brass Hanuman Ghanti, Bajrangbali Temple Bell, Peetal Hanuman Ghante for Pooja, Mandir & Home Decor, Gold, 5.5 Inch, 1 Piece",1429,1699,true,2,YES,https://bhunes.com/products/brass-hanuman-ghanti-bajrangbali-temple-bell-peetal-hanuman-ghante-for-pooja-mandir-home-decor,html,,FOUND,
BHU4012A,1,1,"Brass Trishul with Damru Idol, Lord Shiva Trident Statue, Mahadev Trishul for Puja, Home Temple & Spiritual Decor,Gold, 4 Inch, 1 Piece",1429,1699,true,2,YES,https://bhunes.com/products/bhunes-brass-trishul-with-damru-handcrafted-lord-shiva-trident-drum-for-pooja-home-decor-light-weightedgold-4-inch-1-piece,html,,FOUND,
BHU4013A,1,1,"Brass Saraswati Idol, Veena Vadini, Sharada, Vagdevi, Maa Saraswati Murti for Pooja, Study Room, Vasant Panchami & Home Decor,Gold, 4.5 Inch, 1 Piece",3949,4699,true,3,YES,https://bhunes.com/products/brass-saraswati-idol-veena-vadini,html,,FOUND,
BHU4015A,1,1,"Brass Tirupati Balaji Idol | Venkateswara Govinda Srinivasa Statue | Handcrafted Pital Murti for Home Temple & Puja Decor,Gold, 6 Inch, 1 Piece",3439,4099,true,1,YES,https://bhunes.com/products/brass-tirupati-balaji-idol,html,,FOUND,
BHU4016A,1,1,"Brass Shiva Idol for Puja – Handcrafted Mahadev Murti | Bholenath, Shankar, Nataraja, Adiyogi, Rudra Statue for Home Decor, Temple & Gift,Gold, 4.5 Inch, 1 Piece",2099,2499,true,3,YES,https://bhunes.com/products/brass-shiva-idol-for-puja-handcrafted-mahadev-murti,html,,FOUND,
BHU4017A,1,1,"Brass Murugan Idol – Kartikeya | Subramanya | Skanda | Vel Murugan | Shanmukha | Palani Andavar Statue for Puja, Home Temple & Gifting,Gold, 4 Inch, 1 Piece",,,false,,,https://bhunes.com/products/brass-murugan-idol,html,,FOUND,
BHU4018A,2,1,"Handcrafted Brass Lakshmi Idol – Mahalakshmi, Gaja Lakshmi, Ashta Lakshmi, Varalakshmi, Kamala Devi Murti for Pooja, Temple & Home Decor,Gold, 4 Inch, 1 Piece",1179,1399,true,5,YES,https://bhunes.com/products/handcrafted-brass-lakshmi-idol,html,,FOUND,
BHU4018A,2,2,"Brass Vishnu Lakshmi Idol | Lakshmi Narayan Murti | Lakshmi Narayan Murti | Pital Vigraham for Home Temple Pooja Decor & Gifts – Bhunes,Gold, 4 Inch, 1 Piece",2269,2699,true,4,YES,https://bhunes.com/products/brass-vishnu-lakshmi-idol,html,,FOUND,
BHU4018A_BHU3998A,1,1,"Brass Vishnu Lakshmi Idol | Lakshmi Narayan Murti | Lakshmi Narayan Murti | Pital Vigraham for Home Temple Pooja Decor & Gifts – Bhunes,Gold, 4 Inch, 1 Piece",2269,2699,true,4,YES,https://bhunes.com/products/brass-vishnu-lakshmi-idol,html,,FOUND,
BHU4036A,1,1,"Bronze Sheshnag Chowki, Traditional Snake Design Peeta for Pooja, Handcrafted Panchaloha Idol Bas, Brown, 13 Inch, 1 Piece",,,false,,,https://bhunes.com/products/bronze-sheshnag-chowki-traditional-snake-design-peeta-for-pooja-handcrafted-panchaloha-idol-bas-brown-13-inch-1-piece,html,,FOUND,
BHU4062B,1,1,"Brass Abhishek Patra, Abhishekam Plate, Somasutra Tray, Abhisheka Peeta, Tirumanjanam Stand, Temple Pooja Abhishek Vessel, Gold, 8 Inch, 1 Piece",,,false,,,https://bhunes.com/products/brass-abhishek-patra-abhishekam-plate-somasutra-tray-abhisheka-peeta,html,YES,FOUND,
BHU4067A,0,,,,,,,,https://bhunes.com/search?options%5Bprefix%5D=last&q=BHU4067A,html,,NOT FOUND,
BHU4068A,1,1,"Bhunes Handmade Brass Kamandal, Traditional Ascetic Water Pot, Brass Kamandalu, Pooja Kalash, Ritual Vessel, 1 Litre,Gold, 6.5 Inch, 1 Piece",3109,3699,true,,,https://bhunes.com/products/handmade-brass-kamandal-traditional-ascetic-water-pot,html,YES,FOUND,
BHU4070B,1,1,"Bhunes Handcrafted Brass Multi-Use Storage Box, Traditional Peetal Ghee Container, Vintage Ghee Pot, and Multi-Purpose Brass Jar, 1Litre, Gold, 5.5 Inch, 1 Piece",2859,3399,true,,,https://bhunes.com/products/handcrafted-brass-multi-use-storage-box-traditional-peetal-ghee-container,html,YES,FOUND,
BHU4188A,1,1,"Brass Handcrafted Deer – Chital, Barasingha, Mriga, Hiran, Krishnamriga Sculpture for Home Temple, Pooja, Vastu Decor & Gifts, Gold, 10 Inch",,,false,,,https://bhunes.com/products/brass-handcrafted-deer-chital-barasingha-mriga-hiran-krishnamriga-sculpture-for-home-temple-pooja-vastu-decor-gifts,html,,FOUND,
BHU4189A,1,1,"Brass Owl Idol Ullu Murti for Home Decor, Vastu, Pooja | Handcrafted Peetal Uluka Sculpture by Bhunes, Gold, 10 Inch",2769,3299,true,1,YES,https://bhunes.com/products/brass-owl-idol-ullu-murti-for-home-decor-vastu-pooja,html,,FOUND,
BHU4193A,1,1,"Brass Handcrafted Ullu Pen Holder – Uluka Moorthi Owl Idol for Vastu, Office Decor & Gift – Peetal Ulooka Sculpture by Bhunes, Gold, 7 Inch",2859,3399,true,5,YES,https://bhunes.com/products/handcrafted-brass-ullu-pen-holder,html,,FOUND,
BHU4194A,1,1,"Brass Owl Set of 2,Supta Ullu, Vastu Peetal Ullu Sculpture for Home Decor & Gifts, Gold, 3 Inch",2519,2999,true,,,https://bhunes.com/products/brass-owl-set-of-2supta-ullu-vastu-peetal-ullu-sculpture-for-home-decor-gifts,html,,FOUND,
BHU4195A,1,1,"Handcrafted Brass Pital Billi, Marjara, Poonai Showpiece for Home Decor, Gold, 8 Inch",3609,4299,true,2,YES,https://bhunes.com/products/handcrafted-brass-pital-billi-marjara-poonai-showpiece-for-home-decor,html,,FOUND,
BHU4196A,1,1,"Handcrafted Brass Ghoda | Ashwa | Vastu Horse Showpiece for Home Decor, Pooja & Gifting – Peetal Gurram Kudirai Sculpture, Gold, 6 Inch",3779,4499,true,2,YES,https://bhunes.com/products/handcrafted-brass-ghoda-ashwa-vastu-horse-showpiece-for-home-decor-pooja-gifting-peetal-gurram-kudirai-sculpture,html,,FOUND,
BHU4199A,1,1,"Brass Three Wise Frogs Idol | See No Evil Hear No Evil Speak No Evil | Peetal Vastu Feng Shui Frog Statues for Home Decor, Pooja & Gifts, Gold, 2 Inch",2179,2599,true,3,YES,https://bhunes.com/products/brass-three-wise-frogs-idol,html,,FOUND,
BHU4225A,1,1,"Brass Abhishek Patra Abhishekam Tray Somasutra Plate, Tirumanjana Peetam Pooja Pitham for Shiva Lingam Murti Vigraha Rituals, Gold, 14 Inch, 1 Piece",5629,6699,true,,,https://bhunes.com/products/brass-abhishek-patra-abhishekam-tray-somasutra-plate,html,YES,FOUND,
BHU4226A,1,1,"Brass Abhisheka Patra Abhishekam Tray Somasutra Plate Pital Abhisheka Pitham for Shiva Lingam Vishnu Balaji Puja Rituals, Gold, 8.5 Inch, 1 Piece",2439,2899,true,,,https://bhunes.com/products/brass-abhisheka-patra-abhishekam-tray-somasutra-plate-pital-abhisheka-pitham,html,YES,FOUND,
BHU4227A,1,1,"Premium Brass Abhisheka Patra Idol, Abhishekam Tray, Tirumanjana Peetam, Somasutra Plate, Puja Collector Dish for Home & Temple, Gold, 6.5 Inch, 1 Piece",,,false,,,https://bhunes.com/products/premium-brass-abhisheka-patra-idol-abhishekam-tray-tirumanjana-peetam,html,YES,FOUND,
BHU4235A,2,1,"Brass Lotus Chowki Kamal Aasan Pooja Base, Peetal Pital Pittala Ashtadhatu Murti Seat for Lakshmi Ganesha Vishnu Saraswati Krishna Durga Shiva Lingam Radha Krishna Balaji, Gold, 2 Inch, 1 Piece",8399,9999,true,,,https://bhunes.com/products/brass-lotus-chowki-kamal-aasan-pooja-base-peetal-pital-pittala-ashtadhatu-murti-seat,html,YES,FOUND,
BHU4235A,2,2,"Brass Lakshmi on Lotus Idol, Shri Maha Lakshmi Maa Murti, Padma Lakshmi Statue, Mahalakshmi Figurine for Puja, Home Decor & Gifts, Gold, 10 Inch, 1 Piece",12769,15199,true,,,https://bhunes.com/products/brass-lakshmi-on-lotus-idol-shri-lakshmi-maa-murti-padma-lakshmi-statue-mahalakshmi-figurine-for-puja-home-decor-gifts,html,YES,FOUND,
BHU4242A,1,1,"Bronze Handmade Vibhuti Patra Naam Holder Pooja Plate, Panchaloha Pittalai Kansa Kanchu Velliyam Ashtadhatu Chola Art Temple Decor, Gold, 3 Inch, 1 Piece",7639,9099,true,1,YES,https://bhunes.com/products/bronze-handmade-vibhuti-patra-naam-holder-pooja-plate-panchaloha-pittalai-kansa-kanchu-velliyam-ashtadhatu-chola-art-temple-decor,html,YES,FOUND,
BHU4254A,1,1,"Brass Prasad Box Peetal Naivedya Patra Pittal Pooja Dabba Mandir Bhog Offering Container Samarpan Prasadam Holder, Gold, 4.5 Inch, 1 Piece",2859,3399,true,3,YES,https://bhunes.com/products/brass-prasad-box-peetal-naivedya-patra-pittal-pooja-dabba-mandir-bhog-offering-container-samarpan-prasadam-holder,html,YES,FOUND,
BHU4268A,1,1,"Brass Abhisheka Patra / Puja for Lord Shiva, Shivling Abhishekam Vessel, Hindu Temple Ritual Water Pot, Gold, 8 Inch, 1 Piece",,,false,,,https://bhunes.com/products/brass-abhisheka-patra-puja-for-lord-shiva-shivling-abhishekam-vessel-hindu-temple-ritual-water-pot,html,,FOUND,
BHU4269A,1,1,"Brass Abhisheka Patra for Shiva Pooja, Copper Pooja Thali, Abhishekam Vessel, Temple & Home Ritual Plate for Shivalinga Worship, Gold, 9 Inch, 1 Piece",,,false,,,https://bhunes.com/products/brass-abhisheka-patra-for-shiva-pooja-copper-pooja-thali-abhishekam-vessel-temple-home-ritual-plate-for-shivalinga-worship,html,,FOUND,
BHU4305A,1,1,"Brass Dattatreya Idol – Handcrafted Datta Murti, Pratima & Vigraha for Pooja, Home Decor, Temple, Gifts & Spiritual Collection, Gold, 5.5 Inch, 1 Piece",4869,5799,true,4,YES,https://bhunes.com/products/brass-dattatreya-idol-handcrafted-datta-murti-pratima-vigraha-for-pooja-home-decor-temple-gifts-spiritual-collection,html,,FOUND,
BHU4306A,1,1,"Brass Handcrafted Kubera Idol – Dhanapati Murti, Lord of Wealth Statue, Kubera Figurine for Home, Pooja, Temple & Prosperity Decor, Gold, 6.5 Inch, 1 Piece",,,false,,,https://bhunes.com/products/brass-handcrafted-kubera-idol-dhanapati-murti-lord-of-wealth-statue-kubera-figurine-for-home-pooja-temple-prosperity-decor,html,,FOUND,
BHU4307A,1,1,"Brass Murugan Vel Idol – Lord Velan, Vetrivel, Palanivel, Thangavel Sculpture for Pooja, Home Temple, Spiritual Blessings, Gold, 4 Inch, 1 Piece",,,false,,,https://bhunes.com/products/brass-murugan-vel-idol-lord-velan-vetrivel-palanivel-thangavel-sculpture-for-pooja-home-temple-spiritual-blessings,html,,FOUND,
BHU4308A,1,1,"Brass Murugan Vel Idol – Handcrafted Lord Murugan, Vetrivel, Vadivel, Palanivel for Pooja, Temple, Home Decor & Spiritual Blessings, Gold, 6 Inch, 1 Piece",,,false,,,https://bhunes.com/products/brass-murugan-vel-idol-handcrafted-lord-murugan-vetrivel-vadivel-palanivel-for-pooja-temple-home-decor-spiritual-blessings,html,,FOUND,
BHU4309A,1,1,"Brass Lakshmi Murti | Mahalakshmi Idol, ShriLakshmi Statue for Pooja, Home Decor & Gifts, Gold, 4 Inch, 1 Piece",2349,2799,true,3,YES,https://bhunes.com/products/brass-lakshmi-murti-mahalakshmi-idol-shrilakshmi-statue-for-pooja-home-decor-gifts,html,,FOUND,
BHU4310A,1,1,"Brass Ganesha Idol – Handcrafted Vinayaka, Siddhivinayak, Ganapati Murti for Home Temple, Pooja, Office Decor & Spiritual Blessings, Gold, 4 Inch, 1 Piece",2099,2499,true,3,YES,https://bhunes.com/products/brass-ganesha-idol-handcrafted-vinayaka-siddhivinayak-ganapati-murti-for-home-temple-pooja-office-decor-spiritual-blessings,html,,FOUND,
BHU4311A,1,1,"Brass Lakshmi Idol, Mahalaxmi, Sri Lakshmi, Lakshmi Devi Murti for Home Pooja, Temple Decor, Gifts & Spiritual Blessings, Gold, 4 Inch, 1 Piece",2179,2599,true,,,https://bhunes.com/products/brass-lakshmi-idol-mahalaxmi-sri-lakshmi-lakshmi-devi-murti-for-home-pooja-temple-decor-gifts-spiritual-blessings,html,,FOUND,
BHU4312A,1,1,"Brass Saraswati Idol, Maa Saraswati Murti, Sharada Vagdevi Statue for Pooja, Home Temple, Study Table, Spiritual Decor & Gifting, Gold, 4 Inch, 1 Piece",2099,2499,true,,,https://bhunes.com/products/brass-saraswati-idol-maa-saraswati-murti-sharada-vagdevi-statue-for-pooja-home-temple-study-table-spiritual-decor-gifting,html,,FOUND,
BHU4313A,1,1,"Brass Ganesha Idol, Handcrafted Vinayaka Murti, Siddhivinayak, Ganapati Statue for Home Temple, Pooja, Decor & Gifts, Gold, 4 Inch, 1 Piece",,,false,,,https://bhunes.com/products/brass-ganesha-idol-handcrafted-vinayaka-murti-siddhivinayak-ganapati-statue-for-home-temple-pooja-decor-gifts,html,,FOUND,
BHU4314A,1,1,"Brass Tirupati Balaji Idol, Venkateswara Murti, Lord Balaji Statue For Car Dashboard, Srinivasa Vigraham for Pooja, Home Decor & Gifts, Gold, 4 Inch, 1 Piece",1179,1399,true,1,YES,https://bhunes.com/products/brass-tirupati-balaji-idol-venkateswara-murti-lord-balaji-statue-srinivasa-vigraham-for-pooja-home-decor-gifts,html,,FOUND,
BHU4315A,1,1,"Brass Vishnu Lakshmi Idol, Lakshmi Narayan Murti For Car Dashboard, Shri Vishnu-Lakshmi Statue, Handcrafted Miniature for Pooja, Home Temple & Decor, Gold, 3 Inch, 1 Piece",,,false,,,https://bhunes.com/products/brass-vishnu-lakshmi-idol-lakshmi-narayan-murti-shri-vishnu-lakshmi-statue-handcrafted-miniature-for-pooja-home-temple-decor,html,,FOUND,
BHU4316A,1,1,"Brass Lakshmi Idol, Handcrafted Mahalaxmi Murti, Sri Lakshmi Statue, Goddess Lakshmi Pratima for Pooja, Home Decor & Gifts, Gold, 4.5 Inch, 1 Piece",1179,1399,true,3,YES,https://bhunes.com/products/brass-lakshmi-idol-handcrafted-mahalaxmi-murti-sri-lakshmi-statue-goddess-lakshmi-pratima-for-pooja-home-decor-gifts,html,,FOUND,
BHU4317A,1,1,"Brass Krishna Idol, Gopal, Shyam, Kanha Murti For Gifting, Madhusudan Vigraha, Handcrafted Miniature Statue for Home Decor & Pooja, Gold, 5.5 Inch, 1 Piece",1599,1899,true,2,YES,https://bhunes.com/products/brass-krishna-idol-gopal-shyam-kanha-murti-madhusudan-vigraha-handcrafted-miniature-statue-for-home-decor-pooja,html,,FOUND,
BHU4318A,1,1,"Brass Vishnu Lakshmi Idol, Handcrafted Lakshmi Narayan Murti, Shri Vishnu Lakshmi Statue for Home Temple, Pooja Decor & Spiritual Gift, Gold, 3 Inch, 1 Piece",1849,2199,true,4,YES,https://bhunes.com/products/brass-vishnu-lakshmi-idol-handcrafted-lakshmi-narayan-murti-shri-vishnu-lakshmi-statue-for-home-temple-pooja-decor-spiritual-gift,html,,FOUND,
BHU4319A,1,1,"Brass Murugan Idol, Kartikeya / Skanda / Subramanya Statue, Handcrafted Lord Murugan Murti for Pooja, Home Decor, Spiritual Collection, Gold, 3 Inch, 1 Piece",,,false,,,https://bhunes.com/products/brass-murugan-idol-kartikeya-skanda-subramanya-statue-handcrafted-lord-murugan-murti-for-pooja-home-decor-spiritual-collection,html,,FOUND,
BHU4320A,1,1,"Brass Varahi Amman Idol, Handcrafted Hindu Goddess Statue, Miniature Detailed Varahi, Pooja & Home Temple Sculpture, Gold, 4 Inch, 1 Piece",2349,2799,true,5,YES,https://bhunes.com/products/brass-varahi-amman-idol-handcrafted-hindu-goddess-statue-miniature-detailed-varahi-pooja-home-temple-sculpture,html,,FOUND,
BHU4321A,1,1,"Brass Handcrafted Ganesha Idol, Siddhivinayak, Vinayaka Murti, Ganapati Statue for Pooja, Home Decor & Gifts, Gold, 6 Inch, 1 Piece",,,false,,,https://bhunes.com/products/brass-handcrafted-ganesha-idol-siddhivinayak-vinayaka-murti-ganapati-statue-for-pooja-home-decor-gifts,html,,FOUND,
BHU4322A,1,1,"Brass Tara Ma Idol, Handcrafted Tara Maa Murti / Vigraha / Statue for Pooja, Home Decor, Spiritual Blessings, Ugratara, Mahaugrotara, Gold, 4.5 Inch, 1 Piece",2179,2599,true,2,YES,https://bhunes.com/products/brass-tara-ma-idol-handcrafted-tara-maa-murti-vigraha-statue-for-pooja-home-decor-spiritual-blessings-ugratara-mahaugrotara,html,,FOUND,
BHU4323A,1,1,"Brass Sai Baba Idol, Shirdi Sai Baba Murti, Sri Sai Maharaj Vigraha, Peetal Statue for Pooja, Home Decor & Spiritual Gifts, Gold, 4.5 Inch, 1 Piece",,,false,,,https://bhunes.com/products/brass-sai-baba-idol-shirdi-sai-baba-murti-sri-sai-maharaj-vigraha-peetal-statue-for-pooja-home-decor-spiritual-gifts,html,,FOUND,
BHU4324A,1,1,"Brass Lakshmi Idol, Handcrafted Sri Lakshmi Murti, Mahalaxmi Statue, Dhana Lakshmi Pratima for Home Pooja & Temple Decor, Gold, 5 Inch, 1 Piece",4119,4899,true,3,YES,https://bhunes.com/products/brass-lakshmi-idol-handcrafted-sri-lakshmi-murti-mahalaxmi-statue-dhana-lakshmi-pratima-for-home-pooja-temple-decor,html,,FOUND,
BHU4325A,1,1,"Brass Durga Idol, Maa Durga Murti, Bhagwati Vigraha, Ambika Pratima, Handcrafted Temple Statue for Pooja & Home Decor, Gold, 4.5 Inch, 1 Piece",3189,3799,true,2,YES,https://bhunes.com/products/brass-durga-idol-maa-durga-murti-bhagwati-vigraha-ambika-pratima-handcrafted-temple-statue-for-pooja-home-decor,html,,FOUND,
BHU4326A,1,1,"Brass Durga Idol, Maa Durga Murti, Bhagwati Statue, Mahishasuramardini Vigraha, Pooja Pratima for Home Decor & Temple, Gold, 4.5 Inch, 1 Piece",3439,4099,true,2,YES,https://bhunes.com/products/brass-durga-idol-maa-durga-murti-bhagwati-statue-mahishasuramardini-vigraha-pooja-pratima-for-home-decor-temple,html,,FOUND,
BHU4327A,1,1,"Brass Handcrafted Durga Idol, Maa Durga Murti, Bhagwati Statue, Mahishasuramardini Vigraha for Pooja, Home Decor & Temple Showpiece, Gold, 6 Inch, 1 Piece",5289,6299,true,2,YES,https://bhunes.com/products/brass-handcrafted-durga-idol-maa-durga-murti-bhagwati-statue-mahishasuramardini-vigraha-for-pooja-home-decor-temple-showpiece,html,,FOUND,
BHU4328A,1,1,"Brass Shiva Parivar Idol Shiv Parvati Murti Pital Family Statue Hindu God Sculpture for Home Mandir Temple Pooja Room Decor Showpiece Gift, Gold, 5 Inch, 1 Piece",6639,7899,true,2,YES,https://bhunes.com/products/brass-shiva-parivar-idol-shiv-parvati-murti-pital-family-statue-hindu-god-sculpture-for-home-mandir-temple-pooja-room-decor-showpiece-gift,html,,FOUND,
BHU4330A,1,1,"Brass Shri Ram Darbar Idol Ram Parivar Murti | Sita Ram Lakshman Hanuman Statue | Pital Ram Sita Lakshman Hanuman Sculpture for Puja & Home Decor, Gold, 10 Inch, 1 Piece",24439,29099,true,1,YES,https://bhunes.com/products/brass-shri-ram-darbar-idol-ram-parivar-murti-sita-ram-lakshman-hanuman-statue-pital-ram-sita-lakshman-hanuman-sculpture-for-puja-home-decor,html,,FOUND,
BHU2908A,1,1,"Brass Handcrafted Tiger Idol | Sher Vyaghra Puli Peetal Sculpture for Home, Temple & Decor,Brown, 6.5 Inch, 1 Piece",23769,28299,true,1,YES,https://bhunes.com/products/brass-handcrafted-tiger-idol-sher-vyaghra-puli-peetal-sculpture,html,,FOUND,
BHU4331A,1,1,"Brass Hanuman Idol Murti, Bajrangbali Anjaneya Maruti Pavanputra Sankat Mochan Mahaveer Ramdoot Vigraha for Home Temple Puja Decor, Gold, 2.5 Inch, 1 Piece",919,1099,true,3,YES,https://bhunes.com/products/brass-hanuman-idol-murti-bajrangbali-anjaneya-maruti-pavanputra-sankat-mochan-mahaveer-ramdoot-vigraha-for-home-temple-puja-decor,html,,FOUND,
BHU4334A,1,1,"Brass Khodiyar Mata Idol, Handcrafted Murti / Vigraha for Home Pooja, Temple Decor, Janbai Khodal Trishuldhari Maa Sculpture, Gold, 4.5 Inch, 1 Piece",,,false,,,https://bhunes.com/products/brass-khodiyar-mata-idol-handcrafted-murti-vigraha-for-home-pooja-temple-decor-janbai-khodal-trishuldhari-maa-sculpture,html,,FOUND,
BHU4335A,1,1,"Brass Kamadhenu Idol, Surabhi Cow Murti, Gau Mata Statue, Handcrafted Pooja Murti, Miniature Divine Cow for Home & Temple Decor, Gold, 4.5 Inch, 1 Piece",4539,5399,true,3,YES,https://bhunes.com/products/brass-kamadhenu-idol-surabhi-cow-murti-gau-mata-statue-handcrafted-pooja-murti-miniature-divine-cow-for-home-temple-decor,html,,FOUND,
BHU4336A,1,1,"Brass Kamadhenu Idol, Surabhi Cow Murti, Divine Wish-Fulfilling Cow Statue, Gau Mata, Handcrafted Pooja & Home Decor Figurine, Gold, 2.5 Inch, 1 Piece",1599,1899,true,2,YES,https://bhunes.com/products/brass-kamadhenu-idol-surabhi-cow-murti-divine-wish-fulfilling-cow-statue-gau-mata-handcrafted-pooja-home-decor-figurine,html,,FOUND,
BHU4337A,1,1,"Brass Kamadhenu, Surabhi Cow, Gau Mata Sculpture, Handcrafted Small Kamadenu Statue for Pooja, Home Decor & Gifts, Gold, 4.5 Inch, 1 Piece",2859,3399,true,4,YES,https://bhunes.com/products/brass-kamadhenu-surabhi-cow-gau-mata-sculpture-handcrafted-small-kamadhenu-statue-for-pooja-home-decor-gifts,html,,FOUND,
BHU4338A,1,1,"Brass Kamadhenu, Surabhi Cow, Gau Mata Statue, Handcrafted Miniature Pooja Sculpture for Home Decor & Spiritual Blessings, Gold, 3 Inch, 1 Piece",2349,2799,true,4,YES,https://bhunes.com/products/brass-kamadhenu-surabhi-cow-gau-mata-statue-handcrafted-miniature-pooja-sculpture-for-home-decor-spiritual-blessings,html,,FOUND,
BHU4339A,1,1,"Brass Kamadhenu Idol, Surabhi Cow Murti, Gau Mata Statue, Handcrafted Peetal Pooja Sculpture for Home Decor & Spiritual Blessings, Gold, 3 Inch, 1 Piece",2349,2799,true,2,YES,https://bhunes.com/products/brass-kamadhenu-idol-surabhi-cow-murti-gau-mata-statue-handcrafted-peetal-pooja-sculpture-for-home-decor-spiritual-blessings,html,,FOUND,
BHU4340A,1,1,"Brass Asta Lakshmi Kalash Loota, Handcrafted Pooja Sculpture, Temple & Home Decorative Peetal, Pittal Kalash for Prosperity & Wealth, Gold, 4.5 Inch, 1 Piece",,,false,,,https://bhunes.com/products/brass-asta-lakshmi-kalash-lota-handcrafted-pooja-sculpture-temple-home-decorative-peetal-pittal-kalash-for-prosperity-wealth,html,,FOUND,
BHU4341A,1,1,"Brass Asta Lakshmi Kalash Lota, Handcrafted Pooja Kumbh, Decorative Temple Kalash, Ashtalakshmi Sculpture for Home & Festival Rituals, Gold, 5 Inch, 1 Piece",,,false,,,https://bhunes.com/products/asta-lakshmi-brass-kalash-loota-handcrafted-pooja-kumbh-decorative-temple-kalash-ashtalakshmi-sculpture-for-home-festival-rituals,html,,FOUND,
BHU4342A,1,1,"Brass Asta Lakshmi Kalash Loota, Handcrafted Pooja Murti, Vedic Temple Sculpture, Miniature Decorative Brass Kumbh for Home, Puja & Gifts, Gold, 6 Inch, 1 Piece",6469,7699,true,1,YES,https://bhunes.com/products/asta-lakshmi-brass-kalash-lota-handcrafted-pooja-murti-vedic-temple-sculpture-miniature-decorative-brass-kumbh-for-home,html,,FOUND,
BHU4343A,1,1,"Brass Balaji Kalash Loota with Shankh & Chakra, Pooja Kalash, Vedic Murti, Temple Decor, Home Puja Showpiece, Hindu Spiritual Statue, Gold, 4 Inch, 1 Piece",3109,3699,true,1,YES,https://bhunes.com/products/brass-balaji-kalash-lota-with-shankh-chakra-pooja-kalash-vedic-murti-temple-decor-home-puja-showpiece-hindu-spiritual-statue,html,,FOUND,
BHU4191A,1,1,"Handcrafted Brass Gajraj Dhoop Burner, Peetal Elephant Incense Holder, Airavata Gajavahana Hathi Murti for Puja, Vastu & Home Decor, Gold, 7.5 Inch",12939,15399,true,2,YES,https://bhunes.com/products/handcrafted-brass-gajraj-dhoop-burner,html,,FOUND,
BHU4344A,1,1,"Brass Lakshmi Idol, Mahalakshmi Murti, Shri Padmavati Statue, Kamala Vigraha, Handcrafted Pooja Sculpture for Home & Temple Decor, Gold, 4 Inch, 1 Piece",3439,4099,true,2,YES,https://bhunes.com/products/brass-lakshmi-idol-mahalakshmi-murti-shri-padmavati-statue-kamala-vigraha-handcrafted-pooja-sculpture-for-home-temple-decor,html,,FOUND,
BHU4345A,1,1,"Brass Lakshmi Idol, Mahalakshmi Murti, Shri Padmavati Statue, Kamala / Gajalakshmi Pratima for Pooja, Home Decor, Gift & Temple Display, Gold, 3.5 Inch, 1 Piece",2179,2599,true,1,YES,https://bhunes.com/products/brass-lakshmi-idol-mahalakshmi-murti-shri-padmavati-statue-kamala-gajalakshmi-pratima-for-pooja-home-decor-gift-temple-display,html,,FOUND,
BHU4346A,1,1,"Brass Nandi Idol, Handcrafted Nandikeshwara Murti, Sacred Bull of Shiva, Decorative Pooja Statue, Home & Temple Showpiece, Gold, 4 Inch, 1 Piece",6639,7899,true,1,YES,https://bhunes.com/products/brass-nandi-idol-handcrafted-nandikeshwara-murti-sacred-bull-of-shiva-decorative-pooja-statue-home-temple-showpiece,html,,FOUND,
BHU4347A - DHARMA,36,1,"Copper Bhuvaneshwari Devi Idol Handmade Tamra Bhuvaneshwari Taamra Murti Thamira Amman Tamba Vigraham for Pooja Room Temple Decor, Brown, 4 Inch, 1 Piece",4279,5099,true,1,YES,https://bhunes.com/products/copper-bhuvaneshwari-devi-idol-handmade-tamra-bhuvaneshwari-taamra-murti-thamira-amman-tamba-vigraham-for-pooja-room-temple-decor-brown-4-inch-1-piece,html,YES,FOUND,
BHU4347A - DHARMA,36,2,"Bronze Handcrafted 8-Hand Mariamman Idol in Chola Art – Panchaloha Karumariamman | Ashta Bhuja Durga Devi Statue for Home Temple & Pooja, Gold, 10.5 Inch, 1 Piece",40399,48099,true,1,YES,https://bhunes.com/products/bronze-handcrafted-8-hand-mariamman-idol-in-chola-art,html,YES,FOUND,
BHU4347A - DHARMA,36,3,"Handcrafted Bronze Swami Ayyappan Idol – Manikanta | Dharma Shasta | Hariharaputra | Panchaloha Lord Ayyappa Murti for Puja & Temple Decor (15cm), Gold, 6 Inch, 1 Piece",26959,32099,true,1,YES,https://bhunes.com/products/handcrafted-bronze-swami-ayyappan-idol-manikanta,html,YES,FOUND,
BHU4347A - DHARMA,36,4,"Handcrafted Panchaloha Bronze Durga Devi Idol – Mahishasura Mardini, Simhavahini Shakti, Navadurga Sculpture for Pooja & Temple,Brown, 10.5 Inch, 1 Piece",34939,41599,true,1,YES,https://bhunes.com/products/handcrafted-panchaloha-bronze-durga-devi-idol,html,YES,FOUND,
BHU4347A - DHARMA,36,5,"Bronze Handcrafted Prajapati Daksha Idol, Lord Brahma Murti, Panchaloha/Vedic Sculpture, Chola Art Temple & Pooja Statue, Gold, 5.5 Inch, 1 Piece",12519,14899,true,1,YES,https://bhunes.com/products/bronze-handcrafted-prajapati-idol-lord-brahma-murti-panchaloha-vedic-sculpture-chola-art-temple-pooja-statue,html,YES,FOUND,
BHU4347A - DHARMA,36,6,"Copper Narasimha Idol, Ugra Narasimha Swamy Murti, Narasimhar Narasimhudu Narasingha Bhagwan Vishnu Avatar Statue for Home Temple Puja Decor, Tamra Finish Sculpture, Brown, 5 Inch, 1 Piece",6219,7399,true,,,https://bhunes.com/products/copper-lakshmi-narasimha-idol-ugra-narasimha-swamy-murti-narasimhar-narasimhudu-narasingha-bhagwan-vishnu-avatar-statue-for-home-temple-puja-decor-tamra-finish-sculpture-13-cm-brown-5-inch-1-piece,html,YES,FOUND,
BHU4347A - DHARMA,36,7,"Bronze Bhu Devi Idol | Panchaloha Bhudevi Prithvi Mata Statue | Handcrafted Chola Art Bhumi Devi Vasundhara Sculpture for Puja & Home Decor, Brown, 5.5 Inch, 1 Piece",6299,7499,true,1,YES,https://bhunes.com/products/bronze-bhu-devi-idol-panchaloha-bhudevi-prithvi-mata-statue,html,YES,FOUND,
BHU4347A - DHARMA,36,8,"Bronze Mariamman Idol | Panchaloha Mariamma Statue | Muthumariamma, Samayapuram Mariamman, Yellamma, Pochamma, Maisamma, Gangamma, Mahankali Amma, Shakti Amma Vigraham for Puja & Temple, Brown, 6.5 Inch, 1 Piece",8399,9999,true,1,YES,https://bhunes.com/products/bronze-mariamman-idol-panchaloha-mariamma-statue-muthumariamma-samayapuram-mariamman-yellamma-pochamma-maisamma-gangamma-mahankali-amma-shakti-amma-vigraham-for-puja-temple-brown-6-5-in,html,YES,FOUND,
BHU4347A - DHARMA,36,9,"Bronze Aiyanar Dharma Shasta Idol | Panchaloha Ayyanar Statue | Handcrafted Tamil Guardian Deity Sculpture for Temple & Home Puja,Gold, 9 Inch, 1 Piece",20409,24299,true,1,YES,https://bhunes.com/products/bronze-aiyanar-dharma-shasta-idol-panchaloha-ayyanar-statue-handcrafted-tamil-guardian-deity-sculpture-for-temple-home-pujagold-9-inch-1-piece,html,YES,FOUND,
BHU4347A - DHARMA,36,10,"Copper Durga Idol, Tamra Durga Murti, Handcrafted Bhavani, Mahishasuramardini & Shakti Sculpture for Pooja & Home Decor, Brown, 7.5 Inch, 1 Piece",8899,10599,true,1,YES,https://bhunes.com/products/copper-durga-idol-tamra-durga-murti-handcrafted-bhavani-mahishasuramardini-shakti-sculpture-for-pooja-home-decor,html,YES,FOUND,
BHU4347A - DHARMA,36,11,"Handcrafted Brass Vamana Idol | Trivikrama, Urukrama, Upendra, Dadhivamana Murti | Lord Vishnu Dashavatara Statue for Home, Temple & Pooja,Gold, 11 Inch, 1 Piece",3279,3899,true,,,https://bhunes.com/products/handcrafted-brass-vamana-idol-trivikrama-urukrama-upendra-dadhivamana-murti-lord-vishnu-dashavatara-statue-for-home-temple-poojagold-11-inch-1-piece,html,YES,FOUND,
BHU4347A - DHARMA,36,12,"Handcrafted Brass Parashurama Idol | Lord Parasurama Murti, Vigraha, Pratima, Rama Bhargava, Rama Jamadagnya, Veerarama for Home, Temple, Puja & Office Decor,Gold, 9 Inch, 1 Piece",3189,3799,true,,,https://bhunes.com/products/handcrafted-brass-parashurama-idol-lord-parasurama-murti-vigraha-pratima-rama-bhargava-rama-jamadagnya-veerarama-for-home-temple-puja-office-decorgold-9-inch-1-piece,html,YES,FOUND,
BHU4347A - DHARMA,36,13,"Handcrafted Bronze Durga Devi Idol | Mahishasura Mardini Simhavahini Shakti Murti in Panchaloha for Temple & Home,Brown, 16 Inch, 1 Piece",130619,155499,true,1,YES,https://bhunes.com/products/handcrafted-bronze-durga-devi-idol-mahishasura-mardini-simhavahini-shakti-murti,html,YES,FOUND,
BHU4347A - DHARMA,36,14,"Handcrafted Bronze Bhudevi Idol | Panchaloha Vasundhara, Prithvi Devi, Bhoomata, Earth Goddess Sculpture for Pooja & Vastu,Brown, 11.5 Inch, 1 Piece",26209,31199,true,1,YES,https://bhunes.com/products/handcrafted-bronze-bhudevi-idol-panchaloha-vasundhara,html,YES,FOUND,
BHU4347A - DHARMA,36,15,"Copper Narasimha Swamy Idol, Ugra Narasimha Bhagwan Murti, Narasimhar Narasimhudu Narasingha Tamra Vigraham, Hindu Vishnu Avatar Statue for Puja Home Decor & Spiritual Protection, Brown, 2 Inch, 1 Piece",1679,1999,true,,,https://bhunes.com/products/copper-lakshmi-narasimha-swamy-idol-ugra-narasimha-bhagwan-murti-narasimhar-narasimhudu-narasingha-tamra-vigraham-hindu-vishnu-avatar-statue-for-puja-home-decor-spiritual-protection-brown-2-inch-1-piece,html,YES,FOUND,
BHU4347A - DHARMA,36,16,"Handcrafted Bronze Chaturmukha Brahma Idol | Panchaloha Hiranyagarbha Prajapati Murti | Four-Faced Kamalasan Creator God Statue for Pooja, Temple & Vastu Decor, Gold, 6.5 Inch, 1 Piece",20999,24999,true,1,YES,https://bhunes.com/products/handcrafted-bronze-chaturmukha-brahma-idol,html,YES,FOUND,
BHU4347A - DHARMA,36,17,"Handcrafted Panchaloha Swami Ayyappa Idol | Bronze Manikanta Sastha Dharma Shastha Murti for Pooja, Temple & Gift,Brown, 4.5 Inch, 1 Piece",7309,8699,true,1,YES,https://bhunes.com/products/handcrafted-panchaloha-swami-ayyappa-idol,html,YES,FOUND,
BHU4347A - DHARMA,36,18,"Panchaloha Vishnu Sri Devi Bhu Devi Idol | Bronze Perumal Lakshmi Bhoomi Statue | Handmade Chola Style Vishnu Lakshmi Bhoomi Murti for Home Temple Pooja, Gold, 7.5 Inch",25119,29899,true,2,YES,https://bhunes.com/products/vishnu-sri-devi-bhu-devi-idol,html,YES,FOUND,
BHU4347A - DHARMA,36,19,"Handmade Panchaloha Ayyappa Swamy Idol with Prabhavali – Bronze Hariharanandan | Kanchu Dharma Shasta Murti for Home & Temple Decor,Gold, 8 Inch, 1 Piece",14619,17399,true,1,YES,https://bhunes.com/products/handmade-panchaloha-ayyappa-swamy-idol-with-prabhavali,html,YES,FOUND,
BHU4347A - DHARMA,36,20,"Copper Handcrafted Lakshmi Narasimha Idol, Ugra Narasimha Swamy Murti, Vishnu Avatar Narasimha Bhagwan Statue, Tamra Finish Narasimha Devaru Vigraham for Home Temple Puja & Spiritual Decor, Brown, 4 Inch, 1 Piece",6219,7399,true,,,https://bhunes.com/products/copper-handcrafted-lakshmi-narasimha-idol-ugra-narasimha-swamy-murti-vishnu-avatar-narasimha-bhagwan-statue-tamra-finish-narasimha-devaru-vigraham-for-home-temple-puja-spiritual-decor-brown-4-inch-1-piece,html,YES,FOUND,
BHU4347A - DHARMA,36,21,"Handcrafted Bronze Durga Devi Idol in Panchaloha – Mahishasura Mardini | Shakti | Navadurga | Chola Art Sculpture for Puja & Home Temple,Brown, 7 Inch, 1 Piece",20409,24299,true,1,YES,https://bhunes.com/products/handcrafted-bronze-durga-devi-idol-in-panchaloha,html,YES,FOUND,
BHU4347A - DHARMA,36,22,"Brass Tibetan Double Dorje Vishva Vajra Handcrafted Traditional Buddhist Altar Pooja Decor Spiritual Gift, Gold, 3 Inch, 1 Piece",6129,7299,true,,,https://bhunes.com/products/brass-tibetan-double-dorje-vishva-vajra-handcrafted-traditional-buddhist-altar-pooja-decor-spiritual-gift-gold-3-inch-1-piece,html,YES,FOUND,
BHU4347A - DHARMA,36,23,"Maharani Durga Copper Idol | Mahishasuramardini Maa Durga Vigraha | Handcrafted Tamra Shakti Murti for Home Mandir & Temple Decor,Black, 17 Inch, 1 Piece",26629,31699,true,1,YES,https://bhunes.com/products/bhunes-copper-goddess-durga-maa-for-pooja-goddess-durga-statue-durga-devi-statue-for-home-mandir-sherawaliblack-17-inch-1-piece,html,YES,FOUND,
BHU4347A - DHARMA,36,24,"Copper Ramdarbar Idol with Sita Ram Lakshman Hanuman for Pooja, Handcrafted Vastu & Home Decor, Brown, 6 Inch, 1 Piece",16459,19599,true,1,YES,https://bhunes.com/products/copper-ramdarbar-idol-with-sita-ram-lakshman-hanuman-for-pooja-handcrafted-vastu-home-decor-brown-6-inch-1-piece,html,YES,FOUND,
BHU4347A - DHARMA,36,25,"Brass Vajrasattva Murti Statue, Handcrafted Dorje Sempa Buddhist Idol for Pooja, Home Decor & Gifting, Gold, 15.5 Inch, 1 Piece",17719,21099,true,1,YES,https://bhunes.com/products/brass-vajrasattva-murti-statue-handcrafted-dorje-sempa-buddhist-idol-for-pooja-home-decor-gifting-gold-15-5-inch-1-piece,html,YES,FOUND,
BHU4347A - DHARMA,36,26,"Brass Havan Spoon Sruva Darvi Homam Ladle for Homa Yagna Yagya Agnihotra Pooja Ritual Samagri Vedic Karmakanda Panchapatra Udharini Achamani Peetal Pital Pittalai Hittale Vengalam Kansya 40 cm, Gold, 16 Inch, 1 Piece",1679,1999,true,1,YES,https://bhunes.com/products/brass-havan-spoon-sruva-darvi-homam-ladle-for-homa-yagna-yagya-agnihotra-pooja-ritual-samagri-vedic-karmakanda-panchapatra-udharini-achamani-peetal-pital-pittalai-hittale-vengalam-kansya-40-cm-gold-16-inch-1-piece,html,YES,FOUND,
BHU4347A - DHARMA,36,27,"Brass Vajrasattva Murti Statue Handcrafted Dorje Sempa Buddhist Idol for Pooja, Home Decor & Gifting, Gold, 14 Inch, 1 Piece",12349,14699,true,1,YES,https://bhunes.com/products/brass-vajrasattva-murti-statue-handcrafted-dorje-sempa-buddhist-idol-for-pooja-home-decor-gifting-gold-14-inch-1-piece,html,YES,FOUND,
BHU4347A - DHARMA,36,28,"Copper Vishnu With Sridevi Bhudevi Idol, Tamra Murti, Lakshmi Bhumi Statue for Pooja & Home Decor, Brown, 4.5 Inch, 1 Piece",4449,5299,true,2,YES,https://bhunes.com/products/copper-vishnu-with-sridevi-bhudevi-idol-tamra-murti-lakshmi-bhumi-statue-for-pooja-home-decor,html,YES,FOUND,
BHU4347A - DHARMA,36,29,"Bronze Sudarshan Chakra Sculpture, Traditional Sudarshana Dharmachakra Kalachakra Shakti Chakra Mandala Yantra Decor, Panchaloha Inspired Temple Art Showpiece, Gold, 12 Inch, 1 Piece",24109,28699,true,1,YES,https://bhunes.com/products/bronze-sudarshan-chakra-sculpture-traditional-sudarshana-dharmachakra-kalachakra-shakti-chakra-mandala-yantra-decor-panchaloha-inspired-temple-art-showpiece,html,YES,FOUND,
BHU4347A - DHARMA,36,30,"Brass Durga Devi Idol, Mahishasura Mardini, Adi Shakti, Amba, Bhavani, Antique Finish Shakti Murti for Home, Temple & Navratri Pooja ,Gold, 7 Inch, 1 Piece",6219,7399,true,2,YES,https://bhunes.com/products/brass-durga-devi-idol-mahishasura-mardini,html,YES,FOUND,
BHU4347A - DHARMA,36,31,"Brass Deepam, Pital Kuthu Vilakku Nilavilakku, Deepa, Temple Pooja Lamp, Gold, 17 Inch, 1 Piece",20999,24999,true,2,YES,https://bhunes.com/products/brass-deepam-pital-kuthu-vilakku-nilavilakku-vishnu-deepa-temple-pooja-lamp,html,YES,FOUND,
BHU4347A - DHARMA,36,32,"Bronze Handcrafted Panchaloha Ayyanar | Tamil Village Guardian Deity | Dharma Shasta | Kaaval Deivam | Shree Sastha Idol for Temple & Home, Gold, 12 Inch, 1 Piece",71649,85299,true,1,YES,https://bhunes.com/products/bronze-handcrafted-panchaloha-ayyanar-tamil-village-guardian-deity-dharma-shasta-kaaval-deivam-shree-sastha,html,YES,FOUND,
BHU4347A - DHARMA,36,33,"Handcrafted Panchaloha Hanuman Idol in Bronze | Anjaneya, Bajrang Bali, Veer Maruti Murti | South Indian Chola Art Sculpture for Pooja & Vastu,Gold, 3.5 Inch, 1 Piece",3859,4599,true,3,YES,https://bhunes.com/products/handcrafted-panchaloha-hanuman-idol-in-bronze-anjaneya-bajrang-bali-veer-maruti-murti-south-indian-chola-art-sculpture-for-pooja-vastugold-3-5-inch-1-piece,html,YES,FOUND,
BHU4347A - DHARMA,36,34,"Brass Durga Devi Idol – Simhavahini Mahishasura Mardini Maa Shakti Murti for Pooja Room, Navratri, Home Temple & Decor – Handcrafted Bhavani Statue, 12 Inch, 1 Piece",9579,11399,true,1,YES,https://bhunes.com/products/brass-durga-devi-idol-simhavahini-mahishasura-mardini-maa-shakti-murti,html,YES,FOUND,
BHU4347A - DHARMA,36,35,"Handcrafted Bronze Mariamman Idol | Panchaloha Samayapuram Karumari Amman | South Indian Grama Devata Sculpture for Temple & Home,Brown, 8 Inch, 1 Piece",13519,16099,true,1,YES,https://bhunes.com/products/handcrafted-bronze-mariamman-idol-panchaloha-samayapuram-karumari-amman,html,YES,FOUND,
BHU4347A - DHARMA,36,36,"Brass With Silver Coated Handcrafted Phurba Idol Vajrakilaya Kila, Tibetan Ritual Dagger Vajra Kila Statue, Buddhist Tantric Dorje Phurba for Puja, Meditation, Energy Protection & Spiritual Decor, Silver, 6.5 Inch, 1 Piece",7479,8899,true,1,YES,https://bhunes.com/products/brass-handcrafted-phurba-idol-vajrakilaya-kila-tibetan-ritual-dagger-vajra-kila-statue-buddhist-tantric-dorje-phurba-for-puja-meditation-energy-protection-spiritual-decor-silver-6-5-inch-1-piece,html,YES,FOUND,
BHU4348A,1,1,"Brass Peacock Lamp Mayil Vilakku, Traditional Peacock Deepam Diya for Pooja, Handcrafted South Indian Temple Mayura Vilakku, Gold, 8 Inch, 1 Piece",2269,2699,true,,,https://bhunes.com/products/brass-peacock-lamp-mayil-vilakku-traditional-peacock-deepam-diya-for-pooja-handcrafted-south-indian-temple-mayura-vilakku,html,,FOUND,
BHU4349A,2,1,"Brass Handcrafted Elephant Diya | Peetal Pittal Ashtadhatu Oil Lamp | Decorative Indian Deepak for Pooja, Diwali, Temple & Home Decor | Elephant Sculpture Candle Holder Gift, Gold, 3 Inch, 1 Piece",1179,1399,true,1,YES,https://bhunes.com/products/brass-handcrafted-elephant-diya-peetal-pittal-ashtadhatu-oil-lamp-decorative-indian-deepak-for-pooja-diwali-temple-home-decor-elephant-sculpture-candle-holder-gift,html,,FOUND,
BHU4349A,2,2,"Brass Elephant Diya Lamp, Handcrafted Gaja Deepa, Hathi Oil Lamp, Temple & Puja Decorative Brass Idol for Home, Diwali, Wedding Gift, Gold, 3 Inch, 2 Piece",,,false,,,https://bhunes.com/products/brass-elephant-diya-lamp-handcrafted-gaja-deepa-hathi-oil-lamp-temple-puja-decorative-brass-idol-for-home-diwali-wedding-gift,html,,FOUND,
BHU4349A_BHU4349A,1,1,"Brass Elephant Diya Lamp, Handcrafted Gaja Deepa, Hathi Oil Lamp, Temple & Puja Decorative Brass Idol for Home, Diwali, Wedding Gift, Gold, 3 Inch, 2 Piece",,,false,,,https://bhunes.com/products/brass-elephant-diya-lamp-handcrafted-gaja-deepa-hathi-oil-lamp-temple-puja-decorative-brass-idol-for-home-diwali-wedding-gift,html,,FOUND,
BHU4350A,2,1,"Brass Shanka Diya, Peetal Shankh Deepam, Pittal Shankh Lamp, Hittale Shankh Deepak, Ashtadhatu Shanku Chakra Diya for Pooja, Temple Decor & Diwali Oil Lamp, Gold, 1.5 Inch, 1 Piece",759,899,true,,,https://bhunes.com/products/brass-shanka-diya-peetal-shankh-deepam-pittal-shankh-lamp-hittale-shankh-deepak-ashtadhatu-shanku-chakra-diya-for-pooja-temple-decor-diwali-oil-lamp,html,,FOUND,
BHU4350A,2,2,"Brass Shankh Diya, Conch Lamp | Handcrafted Shank Diya for Puja, Aarti, Home Decor, Temple, Meditation, Spiritual Blessings, Traditional Brass Shankh Deepam, Gift & Festival Decor, Gold, 1.5 Inch, 2 Piece",1429,1699,true,3,YES,https://bhunes.com/products/brass-shankh-diya-conch-lamp-handcrafted-shank-diya-for-puja-aarti-home-decor-temple-meditation-spiritual-blessings-traditional-brass-shankh-deepam-gift-festival-decor,html,,FOUND,
BHU4350A_BHU4350A,1,1,"Brass Shankh Diya, Conch Lamp | Handcrafted Shank Diya for Puja, Aarti, Home Decor, Temple, Meditation, Spiritual Blessings, Traditional Brass Shankh Deepam, Gift & Festival Decor, Gold, 1.5 Inch, 2 Piece",1429,1699,true,3,YES,https://bhunes.com/products/brass-shankh-diya-conch-lamp-handcrafted-shank-diya-for-puja-aarti-home-decor-temple-meditation-spiritual-blessings-traditional-brass-shankh-deepam-gift-festival-decor,html,,FOUND,
BHU4351A,1,1,"Brass Handcrafted Peacock Diya, Mayura Deepam, Mor Pankh Oil Lamp, Traditional Mor Pital Puja Lamp for Festival, Temple & Home Decor, Gold, 3 Inch, 2 Piece",,,false,,,https://bhunes.com/products/brass-handcrafted-peacock-diya-mayura-deepam-mor-pankh-oil-lamp-traditional-mor-pital-puja-lamp-for-festival-temple-home-decor,html,,FOUND,
BHU4352A,1,1,"Brass Aarti Diya for Pooja, Handmade Peetal Oil Lamp, Traditional Deepak, Decorative Festival Diya for Diwali, Navratri, Temple, Home, and Spiritual Ceremonies, Gold, 1.5 Inch, 1 Piece",839,999,true,5,YES,https://bhunes.com/products/brass-aarti-diya-for-pooja-handmade-peetal-oil-lamp-traditional-deepak-decorative-festival-diya-for-diwali-navratri-temple-home-and-spiritual-ceremonies,html,,FOUND,
BHU4353A,1,1,"Brass Balaji Lamp with Hand Sculpture, Handcrafted Pooja Diya, Traditional Temple Oil Lamp, Decorative Spiritual Deepam,for Home & Festival, Gold, 4 Inch, 1 Piece",1339,1599,true,2,YES,https://bhunes.com/products/brass-balaji-lamp-with-hand-sculpture-handcrafted-pooja-diya-traditional-temple-oil-lamp-decorative-spiritual-deepamfor-home-festival,html,,FOUND,
BHU4354A,1,1,"Brass Lakshmi Deepam Mahalakshmi Vilakku Kuthu Diya Pital Oil Lamp Laxmi Deepak Idol for Puja Temple Decoration Home Mandir Gift, Gold, 3.5 Inch, 1 Piece",1429,1699,true,1,YES,https://bhunes.com/products/brass-lakshmi-deepam-mahalakshmi-vilakku-kuthu-diya-pital-oil-lamp-laxmi-deepak-idol-for-puja-temple-decoration-home-mandir-gift,html,,FOUND,
BHU4355A,1,1,"Brass Lakshmi Lamp Mahalakshmi Deepam | Handcrafted Lakshmi Vilakku Deepak Diya | Pital Kuthu Vilakku for Puja, Temple & Home Decor, Gold, 4.5 Inch, 1 Piece",1339,1599,true,1,YES,https://bhunes.com/products/brass-lakshmi-lamp-mahalakshmi-deepam-handcrafted-lakshmi-vilakku-deepak-diya-pital-kuthu-vilakku-for-puja-temple-home-decor,html,,FOUND,
BHU4356A,1,1,"Brass Gaja Lakshmi Lamp, Handcrafted Lakshmi Murti, Pooja Deepam, Kuthu Vilakku, Temple Decor, Spiritual Showpiece, Gold, 4 Inch, 1 Piece",,,false,,,https://bhunes.com/products/brass-gaja-lakshmi-lamp-handcrafted-lakshmi-murti-pooja-deepam-kuthu-vilakku-temple-decor-spiritual-showpiece,html,,FOUND,
BHU4357A,2,1,"Brass Peacock Diya – Mayura Deepam, Mor Pankh Lamp, Temple Oil Lamp, Handcrafted Mor Deepak, Festival & Pooja Decorative Vilakku, Traditional Peacock Brass Lamp, Home Decor & Spiritual Gift, Gold, 4 Inch, 1 Piece",1259,1499,true,,,https://bhunes.com/products/brass-peacock-diya-mayura-deepam-mor-pankh-lamp-temple-oil-lamp-handcrafted-mor-deepak-festival-pooja-decorative-vilakku-traditional-peacock-brass-lamp-home-decor-spiritual-gift,html,,FOUND,
BHU4357A,2,2,"Brass Handcrafted Peacock Diya, Decorative Pooja Lamp, Murti, Oil Lamp, Festival & Home Decor Statue, Gold, 4 Inch, 2 Piece",2439,2899,true,,,https://bhunes.com/products/brass-handcrafted-peacock-decorative-pooja-lamp-murti-oil-lamp-festival-home-decor-statue,html,,FOUND,
BHU4357A_BHU4357A,1,1,"Brass Handcrafted Peacock Diya, Decorative Pooja Lamp, Murti, Oil Lamp, Festival & Home Decor Statue, Gold, 4 Inch, 2 Piece",2439,2899,true,,,https://bhunes.com/products/brass-handcrafted-peacock-decorative-pooja-lamp-murti-oil-lamp-festival-home-decor-statue,html,,FOUND,
BHU4358A,1,1,"Brass Small Elephant Idol | Gaja Murti | Handmade Ane, Hathi Spiritual Home & Pooja Decor, Gold, 2 Inch, 1 Piece",919,1099,true,1,YES,https://bhunes.com/products/brass-small-elephant-idol-gaja-murti-handmade-ane-hathi-spiritual-home-pooja-decor,html,YES,FOUND,
BHU4359A,2,1,"Brass Elephant Idol, Gaja Sculpture, Handmade Ane, Hathi Spiritual Home & Pooja Decor, Gold, 4 Inch, 1 Piece",4369,5199,true,,,https://bhunes.com/products/brass-elephant-idol-gaja-sculpture-handmade-ane-hathi-spiritual-home-pooja-decor,html,YES,FOUND,
BHU4359A,2,2,"Brass Gaja Elephant Idol for Vastu Pooja, Handcrafted Spiritual Home Decor & Auspicious Gifting, Gold, 2 Inch, 1 Piece",919,1099,true,1,YES,https://bhunes.com/products/brass-gaja-elephant-idol-for-vastu-pooja-handcrafted-spiritual-home-decor-auspicious-gifting-gold-2-inch-1-piece,html,YES,FOUND,
BHU4360A,1,1,"Brass Elephant Idol Gaja Murti Hathi Statue Airavata Sculpture Peetal Pital Pittal Decorative Showpiece for Home Decor Puja Gifts, Gold, 5 Inch, 1 Piece",7479,8899,true,2,YES,https://bhunes.com/products/brass-elephant-idol-gaja-murti-hathi-statue-airavata-sculpture-peetal-pital-pittal-decorative-showpiece-for-home-decor-puja-gifts,html,,FOUND,
BHU4361A,1,1,"Brass Handcrafted Elephant Idol, Gaja Murti, Hathi Sculpture, Peetal Pooja Statue, Temple Decor, Miniature Detailed Home & Spiritual Gift, Gold, 4 Inch, 1 Piece",4449,5299,true,2,YES,https://bhunes.com/products/brass-handcrafted-elephant-idol-gaja-murti-hathi-sculpture-peetal-pooja-statue-temple-decor-miniature-detailed-home-spiritual-gift,html,,FOUND,
BHU4362A,2,1,"Brass Durga Idol, Maa Durga Murti, Shakti Pooja Statue, Mahishasuramardini & Jagadamba Sculpture, Handcrafted Small Decorative Brass Vigraha for Home Temple & Gifts, Gold, 3 Inch, 1 Piece",1259,1499,true,2,YES,https://bhunes.com/products/bhunes-durga-gold-3-inch-1-piece,html,,FOUND,
BHU4362A,2,2,"Brass Durga Idol, Maa Durga Murti, Shakti Pooja Statue, Mahishasuramardini & Jagadamba Sculpture, Handcrafted Small Decorative Brass Vigraha for Home Temple & Gifts, Gold, 4 Inch, 1 Piece",2939,3499,true,1,YES,https://bhunes.com/products/brass-durga-idol-maa-durga-murti-shakti-pooja-statue-mahishasuramardini-jagadamba-sculpture-handcrafted-small-decorative-brass-vigraha-for-home-temple-gifts-gold-4-inch,html,,FOUND,
BHU4362AB,1,1,"Brass Durga Idol, Maa Durga Murti, Shakti Pooja Statue, Mahishasuramardini & Jagadamba Sculpture, Handcrafted Small Decorative Brass Vigraha for Home Temple & Gifts, Gold, 4 Inch, 1 Piece",2939,3499,true,1,YES,https://bhunes.com/products/brass-durga-idol-maa-durga-murti-shakti-pooja-statue-mahishasuramardini-jagadamba-sculpture-handcrafted-small-decorative-brass-vigraha-for-home-temple-gifts-gold-4-inch,html,YES,FOUND,
BHU4363A,1,1,"Brass Shree Shrinathji Idol, Handcrafted Murti, Govardhan Nathji Statue, Pooja Sculpture, Home & Temple Decor, Spiritual Gift, Gold, 4 Inch, 1 Piece",2099,2499,true,3,YES,https://bhunes.com/products/brass-shree-shrinathji-idol-handcrafted-murti-govardhan-nathji-statue-pooja-sculpture-home-temple-decor,html,,FOUND,
BHU4364A,1,1,"Brass Shri Ram Darbar Idol Ram Parivar Murti Sita Ram Lakshman Hanuman Statue Pital Peetal Vigraha Moorti for Puja Mandir Home Decor Gift, Gold, 3 Inch, 1 Piece",1509,1799,true,1,YES,https://bhunes.com/products/brass-shri-ram-darbar-idol-ram-parivar-murti-sita-ram-lakshman-hanuman-statue-pital-peetal-vigraha-moorti-for-puja-mandir-home-decor-gift,html,,FOUND,
BHU4365A,1,1,"Brass Durga Idol, Maa Durga Murti, Shakti Statue, Chandika Pooja Pratima, Bhavani Home Temple Idol, Handcrafted Spiritual Showpiece, Gold, 4.5 Inch, 1 Piece",3279,3899,true,1,YES,https://bhunes.com/products/brass-durga-idol-maa-durga-murti-shakti-statue-chandika-pooja-pratima-bhavani-home-temple-idol-handcrafted-spiritual-showpiece,html,,FOUND,
BHU4366A,1,1,"Brass Durga Idol, Maa Durga Murti, Shakti Vigraha, Bhavani Statue, Ambika Pooja Idol, Mahishasuramardini Home Temple Decor, Gold, 6 Inch, 1 Piece",5289,6299,true,3,YES,https://bhunes.com/products/brass-durga-idol-maa-durga-murti-shakti-vigraha-bhavani-statue-ambika-pooja-idol-mahishasuramardini-home-temple-decor,html,,FOUND,
BHU4367A,1,1,"Brass Radha Krishna Idol Murti, Handcrafted Radha Mohan, Shyam Sundar, Radheshyam Statue for Pooja, Home Decor, Temple, Gifts, Gold, 8 Inch, 1 Piece",9239,10999,true,1,YES,https://bhunes.com/products/brass-radha-krishna-idol-murti-handcrafted-radha-mohan-shyam-sundar-radheshyam-statue-for-pooja-home-decor,html,,FOUND,
BHU4368A,1,1,"Brass Ganesha Idol, Vinayak, Ganapati, Siddhivinayak Murti for Home Decor, Pooja, Temple, Spiritual Showpiece & Gifts, Gold, 3 Inch, 1 Piece",1429,1699,true,2,YES,https://bhunes.com/products/brass-ganesha-idol-vinayak-ganapati-siddhivinayak-murti-for-home-decor,html,,FOUND,
BHU4369A,1,1,"Brass Shiva Parvati Idol, Handcrafted Shiva Shakti Murti, Ardhanarishwar Vigraha, Mahadev Parvati Statue for Pooja & Home Decor, Gold, 4.5 Inch, 1 Piece",,,false,,,https://bhunes.com/products/brass-shiva-parvati-idol-handcrafted-shiva-shakti-murti-ardhanarishwar-vigraha-mahadev-parvati-statue-for-pooja-home-decor,html,,FOUND,
BHU4371A,1,1,"Brass Murugan Idol, Karthikeya Statue, Skanda Murti, Subramanya Miniature Sculpture for Pooja, Home Decor & Temple, Gold, 6 Inch, 1 Piece",5039,5999,true,2,YES,https://bhunes.com/products/brass-murugan-idol-karthikeya-statue-skanda-murti-subramanya-miniature-sculpture-for-pooja-home-decor-temple,html,,FOUND,
BHU4372A,1,1,"Brass Lakshmi Idol, Mahalakshmi Murti, Shri Devi Statue, Padmavati Vigraha, Kamala Pratima, Handcrafted Home Pooja & Decor, Gold, 6 Inch, 1 Piece",2349,2799,true,3,YES,https://bhunes.com/products/brass-lakshmi-idol-mahalakshmi-murti-shri-devi-statue-padmavati-vigraha-kamala-pratima-handcrafted-home-pooja-decor,html,,FOUND,
BHU4333A,1,1,"Brass Buddha Idol, Gautam Buddha Statue, Shakyamuni Murti, Siddhartha Gautama Vigraha, Meditating & Sitting Buddha Sculpture for Pooja & Home Decor, Gold, 6.5 Inch, 1 Piece",,,false,,,https://bhunes.com/products/brass-buddha-idol-gautam-buddha-statue-shakyamuni-murti-siddhartha-gautama-vigraha-meditating-sitting-buddha-sculpture-for-pooja-home-decor,html,,FOUND,
BHU4373A,1,1,"Brass Murugan Idol, Handcrafted Kartikeya, Skanda, Subramanya Miniature Murti for Pooja, Home Decor & Spiritual Gifts, Gold, 4 Inch, 1 Piece",1599,1899,true,3,YES,https://bhunes.com/products/brass-murugan-idol-handcrafted-kartikeya-skanda-subramanya-miniature-murti-for-pooja-home-decor-spiritual-gifts,html,,FOUND,
BHU4374A,1,1,"Brass Shirdi Sai Baba Idol, Brass Murti, Sai Nath Statue, Shri Saibaba Pooja Vigraham, Decorative Home Sculpture, Ashtadhatu & Pital Pratima, Gold, 4 Inch, 1 Piece",2599,3099,true,3,YES,https://bhunes.com/products/brass-shirdi-sai-baba-idol-brass-murti-sai-nath-statue-shri-saibaba-pooja-vigraham-decorative-home-sculpture-ashtadhatu-pital-pratima,html,,FOUND,
BHU4375A,1,1,"Brass Panchamukhi Hanuman Idol, Bajrangbali Murti, Anjaneya Vigraha, Maruti Statue, Hindu Deity Sculpture for Pooja & Home Decor, Gold, 6.5 Inch, 1 Piece",6129,7299,true,1,YES,https://bhunes.com/products/brass-panchamukhi-hanuman-idol-bajrangbali-murti-anjaneya-vigraha-maruti-statue-hindu-deity-sculpture-for-pooja-home-decor,html,,FOUND,
BHU4376A,1,1,"Brass Panchamukhi Hanuman Idol, Anjaneya, Bajrangbali, Maruti Murti for Pooja, Temple, Home Decor, Spiritual Showpiece, Gold, 4.5 Inch, 1 Piece",4279,5099,true,3,YES,https://bhunes.com/products/brass-panchamukhi-hanuman-idol-anjaneya-bajrangbali-maruti-murti-for-pooja-temple-home-decor-spiritual-showpiece,html,,FOUND,
BHU4377A,1,1,"Brass Hanuman Idol, Bajrangbali, Anjaneya, Maruti, for Pooja, Home Decor, Temple Sculpture & Spiritual Gifts, Gold, 4.5 Inch, 1 Piece",,,false,,,https://bhunes.com/products/brass-hanuman-idol-bajrangbali-anjaneya-maruti-for-pooja-home-decor-temple-sculpture-spiritual-gifts,html,,FOUND,
BHU4378A,1,1,"Brass Rajarajeshwari Murti, Rajeshwari Idol, Raja Rajeshwari Pratima, Lalitha Tripura Sundari Vigraha, Handcrafted Pooja Statue for Home & Temple, Gold, 4 Inch, 1 Piece",,,false,,,https://bhunes.com/products/brass-rajarajeshwari-murti-rajeshwari-idol-raja-rajeshwari-pratima-lalitha-tripura-sundari-vigraha-handcrafted-pooja-statue-for-home-temple,html,,FOUND,
BHU4379A,1,1,"Brass Shivaji Maharaj Idol, Chhatrapati Shivaji Murti, Raje Shivaji Vigraha, Bhonsle Sculpture for Pooja, Home Decor & Gifts, Gold, 4 Inch, 1 Piece",1929,2299,true,2,YES,https://bhunes.com/products/brass-shivaji-maharaj-idol-chhatrapati-shivaji-murti-raje-shivaji-vigraha-bhonsle-sculpture-for-pooja-home-decor-gifts,html,,FOUND,
BHU4380A,1,1,"Brass Ram Darbar Idol, Shri Ram Sita Lakshman Hanuman Murti, Ram Parivar Sculpture for Puja Mandir, Home Decor & Gifting, Gold, 3 Inch, 1 Piece",2769,3299,true,1,YES,https://bhunes.com/products/brass-ram-darbar-idol-shri-ram-sita-lakshman-hanuman-murti-ram-parivar-sculpture-for-puja-mandir-home-decor-gifting,html,,FOUND,
BHU4382A,1,1,"Brass Maha Kali Idol, Handcrafted Mahakali Murti, Kali Maa Sculpture, Bhadrakali Vigraha, Dakshinakali Statue for Pooja & Home Temple Decor, Gold, 4 Inch, 1 Piece",2179,2599,true,2,YES,https://bhunes.com/products/brass-maha-kali-idol-handcrafted-mahakali-murti-kali-maa-sculpture-bhadrakali-vigraha-dakshinakali-statue-for-pooja-home-temple-decor,html,,FOUND,
BHU4383A,1,1,"Brass Ashoka Pillar Idol, Sarnath Lion Capital Stambh Sculpture, National Emblem of India, Ashok Stambh Home Decor & Pooja Showpiece, Gold, 4 Inch, 1 Piece",,,false,,,https://bhunes.com/products/brass-ashoka-pillar-idol-sarnath-lion-capital-stambh-sculpture-national-emblem-of-india-ashok-stambh-home-decor-pooja-showpiece,html,,FOUND,
BHU4384A,1,1,"Brass Shiv Lingam Idol, Handcrafted Shivalinga Murti, Shiva Ling Statue, Mahalingam, Rudralinga for Pooja, Home Temple & Spiritual Decor, Gold, 4 Inch, 1 Piece",,,false,,,https://bhunes.com/products/brass-shiv-lingam-idol-handcrafted-shivalinga-murti-shiva-ling-statue-mahalingam-rudralinga-for-pooja-home-temple-spiritual-decor,html,,FOUND,
BHU4385A,1,1,"Brass Lakshmi Balaji Lamp/Deepam Idol, Handcrafted Peetal/Pittal Miniature Oil Lamp, Traditional Temple Diya for Pooja & Home Decor, Gold, 5 Inch, 1 Piece",2439,2899,true,4,YES,https://bhunes.com/products/brass-lakshmi-balaji-lamp-deepam-idol-handcrafted-peetal-pittal-miniature-oil-lamp-traditional-temple-diya-for-pooja-home-decor,html,,FOUND,
BHU4386A,2,1,"Brass Peacock Diya | Mayura Deepam | Mor Pankh Oil Lamp | Traditional Peacock Vilakku | Temple Pooja Lamp | Festival Decorative Deepak | Handcrafted Brass Mor Deepak, Gold, 4.5 Inch, 1 Piece",1929,2299,true,3,YES,https://bhunes.com/products/brass-peacock-diya-mayura-deepam-mor-pankh-oil-lamp-traditional-peacock-vilakku-temple-pooja-lamp-festival-decorative-deepak-handcrafted-brass-mor-deepak,html,,FOUND,
BHU4386A,2,2,"Brass Peacock Diya | Mayura Deepam, Mor Pankh Diya, Mayil Vilakku | Handcrafted Temple Oil Lamp for Puja, Festival, Wedding Decor, Gold, 4.5 Inch, 2 Piece",3859,4599,true,1,YES,https://bhunes.com/products/brass-peacock-diya-mayura-deepam-mor-pankh-diya-mayil-vilakku-handcrafted-temple-oil-lamp-for-puja-festival-wedding-decor,html,,FOUND,
BHU4386A_BHU4386A,1,1,"Brass Peacock Diya | Mayura Deepam, Mor Pankh Diya, Mayil Vilakku | Handcrafted Temple Oil Lamp for Puja, Festival, Wedding Decor, Gold, 4.5 Inch, 2 Piece",3859,4599,true,1,YES,https://bhunes.com/products/brass-peacock-diya-mayura-deepam-mor-pankh-diya-mayil-vilakku-handcrafted-temple-oil-lamp-for-puja-festival-wedding-decor,html,,FOUND,
BHU4387A,1,1,"Brass Peacock Diya – Handcrafted Mayura Deepam, Mor Pankh Oil Lamp, Traditional Peacock Vilakku, Festival & Pooja Brass Lamp, Temple Deepak, Decorative Antique Peacock Deepam, Gold, 6.5 Inch, 1 Piece",3189,3799,true,2,YES,https://bhunes.com/products/brass-peacock-lamp-idol-with-5-diyas-handcrafted-brass-deepam-temple-oil-lamp-pooja-diya-decorative-festival-lamp-for-home-temple,html,,FOUND,
BHU4388A,1,1,"Brass Handmade Diya / Peetal Deepam / Traditional Pooja Lamp / Temple Oil Lamp / Decorative Diwali Diya for Home, Festival, Spiritual Rituals & Gifting, Gold, 12 Inch, 1 Piece",5119,6099,true,2,YES,https://bhunes.com/products/brass-handmade-diya-peetal-deepam-traditional-pooja-lamp-temple-oil-lamp-decorative-diwali-diya-for-home-festival-spiritual-rituals-gifting-gold,html,,FOUND,
BHU4389A,2,1,"Brass Shanka Diya | Shanku Chakra Deepam Lamp | Peetal / Pittal Shankh Deepak for Pooja, Aarti & Temple Decor | Ashtadhatu, Tambra Pittal Oil Lamp for Home & Diwali, Gold, 8.5 Inch, 1 Piece",6639,7899,true,1,YES,https://bhunes.com/products/brass-shanka-diya-idol-shanku-chakra-deepam-lamp-peetal-pittal-shankh-deepak-for-pooja-aarti-temple-decor-ashtadhatu-tambra-pittal-oil-lamp-for-home-diwali,html,,FOUND,
BHU4389A,2,2,"Brass Shankh Chakra Diya Pair – Shankh Chakra Deepam, Vishnu Shankh Chakra Oil Lamp, Handcrafted Puja & Home Temple Sculpture, Spiritual Aarti Lamp for Diwali, Navaratri, Ganesh Chaturthi, Gold, 8.5 Inch, 2 Piece",11089,13199,true,1,YES,https://bhunes.com/products/brass-shankh-chakra-diya-pair-shankh-chakra-deepam-vishnu-shankh-chakra-oil-lamp-handcrafted-puja-home-temple-sculpture-spiritual-aarti-lamp-for-diwali-navaratri-ganesh-chaturthi,html,,FOUND,
BHU4381A,1,1,"Brass Buddha Idol, Gautam Buddha Murti, Shakyamuni Statue, Meditating & Sitting Buddha Pratima for Pooja, Home Decor, Gifts, Gold, 4.5 Inch, 1 Piece",2019,2399,true,3,YES,https://bhunes.com/products/brass-buddha-idol-gautam-buddha-murti-shakyamuni-statue-meditating-sitting-buddha-pratima-for-pooja-home-decor,html,,FOUND,
BHU4389A_BHU4389A,1,1,"Brass Shankh Chakra Diya Pair – Shankh Chakra Deepam, Vishnu Shankh Chakra Oil Lamp, Handcrafted Puja & Home Temple Sculpture, Spiritual Aarti Lamp for Diwali, Navaratri, Ganesh Chaturthi, Gold, 8.5 Inch, 2 Piece",11089,13199,true,1,YES,https://bhunes.com/products/brass-shankh-chakra-diya-pair-shankh-chakra-deepam-vishnu-shankh-chakra-oil-lamp-handcrafted-puja-home-temple-sculpture-spiritual-aarti-lamp-for-diwali-navaratri-ganesh-chaturthi,html,,FOUND,
BHU438A,1,1,"Bhunes Brass Prabhavali Frame Arch Wall Hanging for Temple and Home Decor – Prabhawal with Kirtimukha & Sheshnag for Deity | Prabhaval for Pooja Room, Gold, 10.5 Inch, 1 Piece",2689,3199,true,5,YES,https://bhunes.com/products/bhunes-brass-prabhaval-prabhavali-frame-arch-wall-hanging-prabhawal-for-temple-home-decor-prabhawali-for-dietygold-10-5-inch-1-piece,html,,FOUND,
BHU4393A,1,1,"Brass Abhisheka Patra / Somsutra, Handcrafted Pooja Kalash, Devotional Snana Patra, Temple Ritual Vessel, Peetal / Pittal Hindu Pooja, Gold, 3 Inch, 1 Piece",8149,9699,true,,,https://bhunes.com/products/brass-abhisheka-patra-somsutra-sculpture-handcrafted-pooja-kalash-devotional-snana-patra-temple-ritual-vessel-peetal-pittal-hindu-pooja-idol,html,,FOUND,
BHU4395A,1,1,"Brass Asta Lakshmi Idols | Set of 8 Handcrafted Murti for Pooja, Home Decor & Spiritual Gifts, Gold, 3 Inch, 8 Piece",7139,8499,true,1,YES,https://bhunes.com/products/brass-asta-lakshmi-idols-set-of-8-handcrafted-murti-for-pooja-home-decor-spiritual-gifts,html,,FOUND,
BHU4409A,1,1,"Brass Nandi Idol | Handcrafted Shiva’s Bull Sculpture for Temple, Pooja & Home Decor, Gold, 4.5 Inch, 1 Piece",2769,3299,true,2,YES,https://bhunes.com/products/brass-nandi-idol-handcrafted-shivas-bull-sculpture-for-temple-pooja-home-decor,html,,FOUND,
BHU4414A,1,1,"Brass Elephant Idol | Handcrafted Decorative Elephant Sculpture for Home, Pooja & Gifts, Gold, 5 Inch, 1 Piece",,,false,,,https://bhunes.com/products/brass-elephant-idol-handcrafted-decorative-elephant-sculpture-for-home-pooja-gifts,html,,FOUND,
BHU441A,1,1,"Bhunes Brass Prabhavali Frame Arch – Prabhawali Wall Hanging Prabhaval for Temple, Home Mandir & Deity Backdrop | Traditional Brass Arch for God Idol Decor, Gold, 8 Inch, 1 Piece",2019,2399,true,,,https://bhunes.com/products/brass-prabhavali-frame-arch-prabhawali-wall-hanging-prabhaval-for-temple,html,,FOUND,
BHU4445A,1,1,"Brass Eagle Sculpture, Handcrafted Eagle Statue, Majestic Bird for Home Decor, Office & Gifts, Green, 13 Inch, 1 Piece",14699,17499,true,2,YES,https://bhunes.com/products/brass-eagle-sculpture-handcrafted-eagle-statue-majestic-bird-murti-for-home-decor-office-gifts,html,,FOUND,
BHU4475A,1,1,"Brass Durga Idol | Handcrafted Goddess Durga Sculpture for Puja & Home Décor, Gold, 4.5 Inch, 1 Piece",,,false,,,https://bhunes.com/products/brass-durga-idol-handcrafted-goddess-durga-sculpture-for-puja-home-decor,html,,FOUND,
BHU4478A,1,1,"Brass Chowki, Handmade Pooja Chowki, Spiritual Bajot Home & Temple Decor, Gold, 3 Inch, 1 Piece",669,799,true,4,YES,https://bhunes.com/products/brass-chowki-handmade-pooja-chowki-spiritual-bajot-home-temple-decor,html,YES,FOUND,
BHU4479A,1,1,"Brass Chowki, Handmade Pooja Platform, Spiritual Bajot Temple & Home Decor, Gold, 4 Inch, 1 Piece",1339,1599,true,,,https://bhunes.com/products/brass-chowki-handmade-pooja-platform-spiritual-bajot-temple-home-decor,html,YES,FOUND,
BHU4480A,1,1,"Brass Chowki Idol for Puja, Handcrafted Mandir Chowki, Laxmi Ganesh Durga Vishnu Pooja Pedestal, Gold, 5 Inch, 1 Piece",2179,2599,true,,,https://bhunes.com/products/brass-chowki-idol-for-puja-handcrafted-mandir-chowki-laxmi-ganesh-durga-vishnu-pooja-pedestal,html,YES,FOUND,
BHU4486A,1,1,"Brass Elephant Idol | Handmade Aane,Hathi Spiritual Sculpture | Home & Temple Decor, Gold, 11 Inch, 1 Piece",10419,12399,true,2,YES,https://bhunes.com/products/brass-elephant-idol-handmade-spiritual-sculpture-home-temple-decor,html,,FOUND,
BHU4487A,1,1,"Brass Deer Idol | Handmade Spiritual Sculpture | Home & Temple Decor, Gold, 8.5 Inch, 1 Piece",3529,4199,true,3,YES,https://bhunes.com/products/brass-deer-idol-handmade-spiritual-sculpture-home-temple-decor,html,,FOUND,
BHU4494A,1,1,"Brass Rabbit Idol | Handcrafted Mola, Khargosh Decorative, Auspicious Figurine for Home & Altar, Gold, 3 Inch, 1 Piece",1599,1899,true,3,YES,https://bhunes.com/products/brass-rabbit-idol-handcrafted-mola-khargosh-decorative-auspicious-figurine-for-home-altar,html,,FOUND,
BHU4495A,1,1,"Brass Lakshmi Idol | Shri Lakshmi Murti with Temple | Maha Laxmi Statue | Pooja Decor, Gold, 3 Inch, 1 Piece",2939,3499,true,2,YES,https://bhunes.com/products/brass-lakshmi-idol-shri-lakshmi-murti-with-temple-maha-laxmi-statue-pooja-decor-gold,html,,FOUND,
BHU4496A,1,1,"Brass Ganesh with Temple Idol, Siddhivinayak / Vinayaka Murti for Pooja, Home Decor, Temple, Festival & Gifts, Gold, 3 Inch, 1 Piece",2939,3499,true,1,YES,https://bhunes.com/products/brass-ganesh-with-temple-idol-siddhivinayak-vinayaka-murti-for-pooja-home-decor-temple-festival-gifts,html,,FOUND,
BHU4584A,0,,,,,,,,https://bhunes.com/search?options%5Bprefix%5D=last&q=BHU4584A,html,,NOT FOUND,
BHU4497A,1,1,"Brass Saraswati Idol, Handcrafted Sharada Murti with Temple, Veena Dhari Saraswati Pratima, Wisdom Goddess Statue, Home Decor & Pooja Showpiece, Gold, 3 Inch, 1 Piece",3109,3699,true,2,YES,https://bhunes.com/products/brass-saraswati-idol-handcrafted-sharada-murti-with-temple-veena-dhari-saraswati-pratima-wisdom-goddess-statue-home-decor-pooja-showpiece,html,,FOUND,
BHU4498A,1,1,"Brass Meenakshi Idol | Handcrafted Meenakshi Amman Murti for Pooja, Home Decor & Temple Statue | Madurai Goddess Meenakshi Pratima, Gold, 3.5 Inch, 1 Piece",2519,2999,true,2,YES,https://bhunes.com/products/brass-meenakshi-idol-handcrafted-meenakshi-amman-murti-for-pooja-home-decor-temple-statue-madurai-goddess-meenakshi-pratima,html,,FOUND,
BHU4499A,0,,,,,,,,https://bhunes.com/search?options%5Bprefix%5D=last&q=BHU4499A,html,,NOT FOUND,
BHU4501A,0,,,,,,,,https://bhunes.com/search?options%5Bprefix%5D=last&q=BHU4501A,html,,NOT FOUND,
BHU4502A,1,1,"Brass Venkateshwara Balaji Idol, Srinivasa Murti for Pooja, Home Decor, Spiritual Gifting & Temple Worship, Gold, 3 Inch, 1 Piece",2179,2599,true,2,YES,https://bhunes.com/products/brass-venkateshwara-balaji-idol-srinivasa-murti-for-pooja-home-decor-spiritual-gifting-temple-worship,html,,FOUND,
BHU4503A,0,,,,,,,,https://bhunes.com/search?options%5Bprefix%5D=last&q=BHU4503A,html,,NOT FOUND,
BHU4504A,1,1,"Brass Vishnu Sridevi Bhudevi Idol | Lord Narayana Murti | Sri Vishnu Lakshmi Bhudevi Statue for Pooja & Home Decor, Gold, 3 Inch, 1 Piece",2939,3499,true,2,YES,https://bhunes.com/products/brass-vishnu-sridevi-bhudevi-idol-lord-narayana-murti-sri-vishnu-lakshmi-bhudevi-statue-for-pooja-home-decor,html,,FOUND,
BHU4505A,1,1,"Brass Venkateshwara Baji Idol, Balaji Murti, Srinivasa Statue, Tirupati Perumal Vigraha for Pooja, Home Decor & Spiritual Gifting, Gold, 3 Inch, 1 Piece",2939,3499,true,1,YES,https://bhunes.com/products/brass-venkateshwara-baji-idol-balaji-murti-srinivasa-statue-tirupati-perumal-vigraha-for-pooja-home-decor-spiritual-gifting,html,,FOUND,
BHU4506A,1,1,"Brass Vishnu on Sheshnag Idol, Ananta Shayana, Adisesha Vishnu, Sheshashayi Murti, Padmanabha Ananta Statue for Pooja & Home Decor, Gold, 3 Inch, 1 Piece",2939,3499,true,1,YES,https://bhunes.com/products/brass-vishnu-on-sheshnag-idol-ananta-shayana-adisesha-vishnu-sheshashayi-murti-padmanabha-ananta-statue-for-pooja-home-decor,html,,FOUND,
BHU4507A,1,1,"Brass Small Kamakshi Idol, Rajarajeswari Murti, Pratima, Vigraham, Bhagwati Statue for Pooja, Home Decor & Spiritual Gifts, Gold, 3 Inch, 1 Piece",3279,3899,true,2,YES,https://bhunes.com/products/brass-small-rajarajeshwari-idol-rajarajeswari-murti-pratima-vigraham-bhagwati-statue-for-pooja-home-decor-spiritual-gifts,html,,FOUND,
BHU4507AB,0,,,,,,,,https://bhunes.com/search?options%5Bprefix%5D=last&q=BHU4507AB,html,,NOT FOUND,
BHU4508A,0,,,,,,,,https://bhunes.com/search?options%5Bprefix%5D=last&q=BHU4508A,html,,NOT FOUND,
BHU4509A,1,1,"Brass Ganesh Idol | Handcrafted Ganapati Vinayaka Murti | Peetal Ganesha Statue for Home Decor, Pooja & Spiritual Gifts, Gold, 3 Inch, 1 Piece",4119,4899,true,2,YES,https://bhunes.com/products/brass-ganesh-idol-handcrafted-ganapati-vinayaka-murti-peetal-ganesha-statue-for-home-decor-pooja-spiritual-gifts,html,,FOUND,
BHU4510A,0,,,,,,,,https://bhunes.com/search?options%5Bprefix%5D=last&q=BHU4510A,html,,NOT FOUND,
BHU4513A,1,1,"Brass Dog Idol, Peetal Dog Statue, Kutta Ka Murti Figurine, Indian Desi Dog Sculpture, Gold, 6 Inch, 1 Piece",7899,9399,true,1,YES,https://bhunes.com/products/brass-dog-idol-peetal-dog-statue-rajapalayam-mudhol-hound-chippiparai-kombai-figurine-indian-desi-dog-sculpture,html,,FOUND,
BHU4514A,1,1,"Brass Camel Idol, Indian Desert Camel Sculpture, Rajasthani Pushkar Pital Figurine, Dromedary Brass Statue, Handcrafted Thar Camel Showpiece, Gold, 7 Inch, 1 Piece",4619,5499,true,1,YES,https://bhunes.com/products/brass-camel-idol-indian-desert-camel-sculpture-rajasthani-pushkar-pital-figurine-dromedary-brass-statue-handcrafted-thar-camel-showpiece,html,,FOUND,
BHU4516A,1,1,"Brass Handcrafted Cat Idol, Peetal Billi Statue, Pital Poonai Figurine, Marjari Murti, Pittal Bekku, Gold, 7 Inch, 1 Piece",4449,5299,true,3,YES,https://bhunes.com/products/brass-handcrafted-cat-idol-peetal-billi-statue-pital-poonai-figurine-marjari-murti-pittal-bekku,html,,FOUND,
BHU4520A,1,1,"Brass Tigress Sculpture, Royal Bengal Tigress Idol, Panthera Tigress Murti, Peetal Jungle King Statue, Vyaghra Figurine , Gold, 4 Inch, 1 Piece",6469,7699,true,1,YES,https://bhunes.com/products/brass-tigress-sculpture-royal-bengal-tigress-idol-panthera-tigress-murti-peetal-jungle-king-statue-vyaghra-figurine,html,,FOUND,
BHU4520AB,1,1,"Brass Tigress Sculpture, Royal Bengal Tigress Idol, Panthera Tigress Murti, Peetal Jungle King Statue, Vyaghra Figurine , Gold, 4 Inch, 1 Piece",6469,7699,true,1,YES,https://bhunes.com/products/brass-tigress-sculpture-royal-bengal-tigress-idol-panthera-tigress-murti-peetal-jungle-king-statue-vyaghra-figurine,html,,FOUND,
BHU4534AB,0,,,,,,,,https://bhunes.com/search?options%5Bprefix%5D=last&q=BHU4534AB,html,,NOT FOUND,
BHU4536AB,1,1,"Brass Lakshmi Narasimha Idol, Laxmi Narasimha Murti, Peetal Narasimha Lakshmi Vigraham, Pital Lakshmi Narasimha Statue for Pooja Decor, Gold, 2.5 Inch, 1 Piece",1009,1199,true,1,YES,https://bhunes.com/products/brass-lakshmi-narasimha-idol-laxmi-narasimha-murti-peetal-narasimha-lakshmi-vigraham-pital-lakshmi-narasimha-statue-for-pooja-decor,html,,FOUND,
BHU4544A,1,1,"Brass Raghavendra Swamy Idol,Guru Rayaru Mantralaya Vigraham, Sri Raghavendra Theertharu Moorthi for Pooja, Home Temple & Spiritual Decor, Gold, 3 Inch, 1 Piece",,,false,,,https://bhunes.com/products/brass-raghavendra-swamy-idolguru-rayaru-mantralaya-vigraham-sri-raghavendra-theertharu-moorthi-for-pooja-home-temple-spiritual-decor,html,,FOUND,
BHU4547AB,0,,,,,,,,https://bhunes.com/search?options%5Bprefix%5D=last&q=BHU4547AB,html,,NOT FOUND,
BHU4549AB,1,1,"Brass Lakshmi Idol, Handcrafted Mahalakshmi Peetal Murti, Padmavati lakshmi Statue for Pooja & Home Decor, Gold, 2.5 Inch, 1 Piece",1089,1299,true,4,YES,https://bhunes.com/products/brass-lakshmi-idol-handcrafted-mahalakshmi-peetal-murti-padmavati-lakshmi-statue-for-pooja-home-decor,html,,FOUND,
BHU4332A,1,1,"Brass Ganesha Idol Ganapati Vinayaka Murti Vighnaharta Ganesh Statue for Pooja Mandir Home Decor Showpiece Spiritual Gift Sculpture, Gold, 4 Inch, 1 Piece",3699,4399,true,5,YES,https://bhunes.com/products/brass-ganesha-idol-ganapati-vinayaka-murti-vighnaharta-ganesh-statue-for-pooja-mandir-home-decor-showpiece-spiritual-gift-sculpture,html,,FOUND,
BHU2873A,2,1,"Brass Deepam Kuthu Vilakku Nilavilakku Agal Vilakku Panchadeepam, Traditional Pital Diya Oil Lamp for Pooja Temple Home Décor,Gold, 13 Inch, 1 Piece",6719,7999,true,2,YES,https://bhunes.com/products/brass-deepam-kuthu-vilakku-nilavilakku-agal-vilakku-panchadeepam-traditional-pital-diya-oil-lamp-for-pooja-temple-home-decor,html,,FOUND,
BHU2873A,2,2,"Handcrafted Brass Deepam, Traditional Kuthu Vilakku Nilavilakku Agal Vilakku Panchadeepam, Temple Pooja Lamp, Set Of 2,Gold, 13 Inch, 2 Piece",13359,15899,true,1,YES,https://bhunes.com/products/handcrafted-brass-deepam-traditional-kuthu-vilakku-nilavilakku-agal-vilakku-panchadeepam-temple-pooja-lamp-set-of-2,html,,FOUND,
BHU4556A,1,1,"Brass Venkateshwara Balaji Idol,Tirupati Srinivasa Govinda Statue, Handcrafted Venkatachalapathy Perumal Murti,Temple Decor & Pooja Gift, Gold, 3 Inch, 1 Piece",919,1099,true,2,YES,https://bhunes.com/products/brass-venkateshwara-balaji-idoltirupati-srinivasa-govinda-statue-handcrafted-venkatachalapathy-perumal-murtitemple-decor-pooja-gift,html,,FOUND,
BHU4556AB,0,,,,,,,,https://bhunes.com/search?options%5Bprefix%5D=last&q=BHU4556AB,html,,NOT FOUND,
BHU4560AB,1,1,"Brass Bal Krishna on Leaf Idol, Peetal Baby Gopala Murti, Handcrafted Govinda Kanha Statue for Pooja Home Decor, Gold, 1 Inch, 1 Piece",669,799,true,5,YES,https://bhunes.com/products/brass-bal-krishna-on-leaf-idol-peetal-baby-gopala-murti-handcrafted-govinda-kanha-statue-for-pooja-home-decor,html,,FOUND,
BHU4561AB,1,1,"Brass Krishna Idol, Handcrafted Peetal Gopala Murti, Pital Govinda Statue, Balakrishna Moorti, Madhava Figurine for Pooja & Decor, Gold, 2 Inch, 1 Piece",,,false,,,https://bhunes.com/products/brass-krishna-idol-handcrafted-peetal-gopala-murti-pital-govinda-statue-balakrishna-moorti-madhava-figurine-for-pooja-decor,html,,FOUND,
BHU4578A,1,1,"Handcrafted Copper Varahi Amman Idol, Tamra Varahi Devi Murti, Thamira Varahi Amman Statue for Pooja, Home Decor & Gifts, Brown, 1.5 Inch, 1 Piece",499,599,true,4,YES,https://bhunes.com/products/handcrafted-copper-varahi-amman-idol-tamra-varahi-devi-murti-thamira-varahi-amman-statue-for-pooja-home-decor-gifts,html,,FOUND,
BHU4605A,1,1,"Brass Garuda Dev Idol, Vishnu Vahana Pakshiraja Murti, Handcrafted Pital Garuda Bhagwan Statue,Vainateya Suparna Vigraham for Home Temple & Puja Decor, Gold, 2.5 Inch, 1 Piece",1089,1299,true,3,YES,https://bhunes.com/products/brass-garuda-dev-idol-vishnu-vahana-pakshiraja-murti-handcrafted-pital-garuda-bhagwan-statuevainateya-suparna-vigraham-for-home-temple-puja-decor,html,,FOUND,
BHU4606A,1,1,"Copper Ganesha Idol, Handcrafted Tamra Vinayaka Moorti, Siddhivinayaka Vighnaharta Ganapati Murthi for Pooja, Home Decor & Spiritual Gifting , Brown, 3 Inch, 1 Piece",1339,1599,true,2,YES,https://bhunes.com/products/copper-ganesha-idol-handcrafted-tamra-vinayaka-moorti-siddhivinayaka-vighnaharta-ganapati-murthi-for-pooja-home-decor-spiritual-gifting,html,,FOUND,
BHU4607A,1,1,"Brass Ganesha Idol, Ganapati Siddhivinayak Murti, Gajanana Statue for Pooja & Home Decor, Gold, 2.5 Inch, 1 Piece",1089,1299,true,1,YES,https://bhunes.com/products/brass-ganesha-idol-ganapati-siddhivinayak-murti-gajanana-statue-for-pooja-home-decor,html,,FOUND,
BHU4608A,1,1,"Brass Ganapati Idol, Siddhivinayak Murti, Vinayaka Statue, Gajanana Pratima, Ekadanta Pooja Murti, Handcrafted Peetal Vigraha, Gold, 2 Inch, 1 Piece",669,799,true,1,YES,https://bhunes.com/products/brass-ganapati-idol-siddhivinayak-murti-vinayaka-statue-gajanana-pratima-ekadanta-pooja-murti-handcrafted-peetal-vigraha,html,,FOUND,
BHU4609A,1,1,"Brass Kubera Idol for Wealth, Lakshmi Kuber Murti, Lord Kubera Vigraham, Dhanadhipati Vaishravan Statue, Handmade Peetal Kuber Bhagwan Moorthi for Pooja & Home Decor, Gold, 2 Inch, 1 Piece",919,1099,true,1,YES,https://bhunes.com/products/brass-kubera-idol-for-wealth-lakshmi-kuber-murti-lord-kubera-vigraham-dhanadhipati-vaishravan-statue-handmade-peetal-kuber-bhagwan-moorthi-for-pooja-home-decor,html,,FOUND,
BHU460A,1,1,"Brass Nandi Idol | Nandikeshwara Bull Statue, Shivalinga Vehicle, Handcrafted Peetal Nandhi Murti for Pooja, Temple & Home Decor, Gold, 5 Inch, 1 Piece",5289,6299,true,3,YES,https://bhunes.com/products/brass-nandi-idol-nandikeshwara-bull-statue,html,,FOUND,
BHU4610A,1,1,"Brass Saraswati Idol, Peetal Sharada Devi Murti, Vagdevi Statue for Pooja, Home Decor & Gifts, Handcrafted Vani Bharati Moorthi, Gold, 3 Inch, 1 Piece",1599,1899,true,1,YES,https://bhunes.com/products/brass-saraswati-idol-peetal-sharada-devi-murti-vagdevi-statue-for-pooja-home-decor-gifts-handcrafted-vani-bharati-moorthi,html,,FOUND,
BHU4611A,2,1,"Brass Saraswati Idol, Handcrafted Peetal Sharada Devi Murti, Vagdevi Moorthi, Bharati Hamsavahini Statue, Kalaivani Brass Figurine for Pooja, Home Decor & Gift, Gold, 2.5 Inch, 1 Piece",919,1099,true,2,YES,https://bhunes.com/products/brass-saraswati-idol-handcrafted-peetal-sharada-devi-murti-vagdevi-moorthi-bharati-hamsavahini-statue-kalaivani-brass-figurine-for-pooja-home-decor-gift,html,,FOUND,
BHU4611A,2,2,"Copper Saraswati Idol Sharada Bharati Vani Vagdevi Hamsavahini Taamra Saraswati Murti | Divine Puja Moorti for Home Decor & Temple Sculpture, Brown, 2.5 Inch, 1 Piece",1429,1699,true,4,YES,https://bhunes.com/products/copper-saraswati-idol-sharada-bharati-vani-vagdevi-hamsavahini-taamra-saraswati-murti-divine-puja-moorti-for-home-decor-temple-sculpture,html,,FOUND,
BHU4612A,3,1,"Brass Hanuman Idol, Pavanputra Anjaneya Murti, Bajrangbali Maruti Vigraha, Sankat Mochan Hanuman Statue, Handcrafted Peetal Pital Ram Bhakt Hanuman Moorti for Pooja Home Temple Décor, Gold, 3 Inch, 1 Piece",669,799,true,,,https://bhunes.com/products/brass-hanuman-idol-pavanputra-anjaneya-murti-bajrangbali-maruti-vigraha-sankat-mochan-hanuman-statue-handcrafted-peetal-pital-ram-bhakt-hanuman-moorti-for-pooja-home-temple-decor,html,,FOUND,
BHU4612A,3,2,"Copper Hanuman Idol, Handcrafted Tamra Anjaneya Murti, Bajrangbali Maruti Vayuputra Vigraham for Pooja Home Decor & Gifts, Brown, 3 Inch, 1 Piece",499,599,true,4,YES,https://bhunes.com/products/copper-hanuman-idol-handcrafted-tamra-anjaneya-murti-bajrangbali-maruti-vayuputra-vigraham-for-pooja-home-decor-gifts,html,,FOUND,
BHU4612A,3,3,"Copper Hanuman Idol, Handcrafted Tamra Anjaneya Murti, Bajrangbali Maruti Ramdoot Vigraham for Pooja, Home Decor & Spiritual Gifts, Brown, 3 Inch, 1 Piece",499,599,true,3,YES,https://bhunes.com/products/copper-hanuman-idol-handcrafted-tamra-anjaneya-murti-bajrangbali-maruti-ramdoot-vigraham-for-pooja-home-decor-spiritual-gifts,html,,FOUND,
BHU4613A,0,,,,,,,,https://bhunes.com/search?options%5Bprefix%5D=last&q=BHU4613A,html,,NOT FOUND,
BHU4614A,1,1,"Brass Garuda Dev Idol, Handcrafted Vishnu Vahana Garudar Murti, Pakshiraja Vainateya Statue, Pital Garuda Bhagwan Vigraham for Puja & Home Decor, Gold, 3 Inch, 1 Piece",1339,1599,true,1,YES,https://bhunes.com/products/brass-garuda-dev-idol-handcrafted-vishnu-vahana-garudar-murti-pakshiraja-vainateya-statue-pital-garuda-bhagwan-vigraham-for-puja-home-decor,html,,FOUND,
BHU4615A,0,,,,,,,,https://bhunes.com/search?options%5Bprefix%5D=last&q=BHU4615A,html,,NOT FOUND,
BHU4616A,1,1,"Copper Udupi Krishna Idol Handcrafted Traditional Balakrishna Murti for Pooja Home Decor & Spiritual Gifting , Brown, 4.5 Inch, 1 Piece",1429,1699,true,2,YES,https://bhunes.com/products/copper-udupi-krishna-idol-handcrafted-traditional-balakrishna-murti-for-pooja-home-decor-spiritual-gifting-brown-4-5-inch-1-piece,html,,FOUND,
BHU4629A,2,1,"Brass Shankha Stand, Vishnu Symbol Conch Sign For Pooja , Sacred Hindu Puja Shankham Idol, Handcrafted Peetal Pital Shankh, Gold, 5 Inch, 1 Piece",2269,2699,true,,,https://bhunes.com/products/brass-shankha-panchajanya-vishnu-lakshmi-conch-sacred-hindu-puja-shankham-idol-handcrafted-peetal-pital-shankh,html,,FOUND,
BHU4629A,2,2,"Brass Shankh Chakra Stand Set, Peetal Vishnu Symbol Balaji  Shankh & Sudarshan Chakra Figurine for Pooja, Home Temple & Spiritual Decor, Gold, 5 Inch, 2 Piece",4369,5199,true,,,https://bhunes.com/products/brass-shankh-chakra-set-peetal-vishnu-shankh-sudarshan-chakra-figurine-for-pooja-home-temple-spiritual-decor,html,,FOUND,
BHU4629A_BHU4630A,1,1,"Brass Shankh Chakra Stand Set, Peetal Vishnu Symbol Balaji  Shankh & Sudarshan Chakra Figurine for Pooja, Home Temple & Spiritual Decor, Gold, 5 Inch, 2 Piece",4369,5199,true,,,https://bhunes.com/products/brass-shankh-chakra-set-peetal-vishnu-shankh-sudarshan-chakra-figurine-for-pooja-home-temple-spiritual-decor,html,,FOUND,
BHU4630A,1,1,"Brass Sudarshan Chakra Stand, Peetal Vishnu Chakra, Narayana Sudarshana Yantra, Sri Chakra for Pooja & Home Temple Decor, Gold, 5 Inch, 1 Piece",2269,2699,true,,,https://bhunes.com/products/brass-sudarshan-chakra-peetal-vishnu-chakra-narayana-sudarshana-yantra-sri-chakra-for-pooja-home-temple-decor,html,,FOUND,
BHU4632A,2,1,"Brass Nandhi Havan Spoon Peetal Pooja Spoon, Pittal Homa Yagna Spoon, Vedic Agnihotra Ritual Tool, Sacred Nandi Dev Pital Spoon, Gold, 3 Inch, 1 Piece",4449,5299,true,,,https://bhunes.com/products/brass-nandhi-havan-spoon-peetal-pooja-spoon-pittal-homa-yagna-spoon-vedic-agnihotra-ritual-tool-sacred-nandi-dev-pital-spoon,html,YES,FOUND,
BHU4632A,2,2,"Brass Havan Spoon Set Sruva, Sruk Peetal Pittal Pooja Homam Yagna Agnihotra Vedic Ritual Spoon, Traditional Indian Temple Homa Spoon, Gold, 3 Inch, 2Piece",6469,7699,true,,,https://bhunes.com/products/brass-havan-spoon-set-peetal-pittal-pooja-homam-yagna-agnihotra-vedic-ritual-spoon-traditional-indian-temple-homa-spoon,html,YES,FOUND,
BHU4632A_BHU3649AC,1,1,"Brass Havan Spoon Set Sruva, Sruk Peetal Pittal Pooja Homam Yagna Agnihotra Vedic Ritual Spoon, Traditional Indian Temple Homa Spoon, Gold, 3 Inch, 2Piece",6469,7699,true,,,https://bhunes.com/products/brass-havan-spoon-set-peetal-pittal-pooja-homam-yagna-agnihotra-vedic-ritual-spoon-traditional-indian-temple-homa-spoon,html,YES,FOUND,
BHU4634A,1,1,"Brass Lotus Lamp, Kamal Deep Padma Deepam Vilakku, Handcrafted Pital Kamal Diya for Pooja Mandir & Home Décor, Gold, 6 Inch, 1 Piece",,,false,,,https://bhunes.com/products/brass-lotus-lamp-kamal-deep-padma-deepam-vilakku-handcrafted-pital-kamal-diya-for-pooja-mandir-home-decor,html,,FOUND,
BHU4636A,1,1,"Handcrafted Brass Pooja Thali, Peetal Aarti Plate, Traditional Hindu Puja Thambalam, Pittal Pooja Plate for Daily Worship & Temple Rituals, Gold, 0.5 Inch, 1 Piece",79,99,true,,,https://bhunes.com/products/handcrafted-brass-pooja-thali-peetal-aarti-plate-traditional-hindu-puja-thambalam-pittal-pooja-plate-for-daily-worship-temple-rituals,html,YES,FOUND,
BHU4637A,1,1,"Brass Pooja Thali, Peetal Aarti Plate, Handcrafted Traditional Pital Puja Thambalam for Hindu Rituals, Temple & Home Worship, Gold, 2 Inch, 1 Piece",,,false,,,https://bhunes.com/products/brass-pooja-thali-peetal-aarti-plate-handcrafted-traditional-pital-puja-thambalam-for-hindu-rituals-temple-home-worship,html,YES,FOUND,
BHU4638A,1,1,"Brass Pooja Thali, Handcrafted Pure Peetal Aarti Plate, Traditional Pittal Pooja Plate for Temple, Puja, and Worship Rituals, Gold, 8.66 Inch, 1 Piece",,,false,,,https://bhunes.com/products/brass-pooja-thali-handcrafted-pure-peetal-aarti-plate-traditional-pittal-pooja-plate-for-temple-puja-and-worship-rituals,html,YES,FOUND,
BHU4639A,1,1,"Brass Pooja Thali, Peetal Aarti Plate, Traditional Pittal Puja Thambalam, Pital Worship Plate for Daily Aarti & Temple Rituals, Gold, 1 Inch, 1 Piece",169,199,true,,,https://bhunes.com/products/brass-pooja-thali-peetal-aarti-plate-traditional-pittal-puja-thambalam-pital-worship-plate-for-daily-aarti-temple-rituals,html,YES,FOUND,
BHU4640A,1,1,"Brass Pooja Thali, Peetal Aarti Plate, Pital Puja Thambalam for Hindu Worship, Traditional Pittal Puja Plate for Temple & Home Mandir, Gold, 1 Inch, 1 Piece",169,199,true,,,https://bhunes.com/products/brass-pooja-thali-peetal-aarti-plate-pital-puja-thambalam-for-hindu-worship-traditional-pittal-puja-plate-for-temple-home-mandir,html,YES,FOUND,
BHU4641A,1,1,"Handcrafted Brass Pooja Thali, Peetal Aarti Plate, Traditional Pital Puja Thambalam for Hindu Worship & Temple Rituals, Gold, 1 Inch, 1 Piece",169,199,true,,,https://bhunes.com/products/handcrafted-brass-pooja-thali-peetal-aarti-plate-traditional-pital-puja-thambalam-for-hindu-worship-temple-rituals,html,YES,FOUND,
BHU4642A,1,1,"Handcrafted Brass Agarbatti Holder Stand, Peetal Pital Pittal Incense Stick Holder for Pooja Temple, Traditional Dhoopbatti Stand, Gold, 1.5 Inch, 1 Piece",169,199,true,,,https://bhunes.com/products/handcrafted-brass-agarbatti-holder-stand-peetal-pital-pittal-incense-stick-holder-for-pooja-temple-traditional-dhoopbatti-stand,html,,FOUND,
BHU4643A,1,1,"Handcrafted Brass Deepam Diya, Traditional Kuthu Vilakku Nilavilakku Samai, Pital Oil Lamp for Pooja Temple Decor, Gold, 1 Inch, 1 Piece",79,99,true,,,https://bhunes.com/products/handcrafted-brass-deepam-diya-traditional-kuthu-vilakku-nilavilakku-samai-pital-oil-lamp-for-pooja-temple-decor,html,,FOUND,
BHU4644A,1,1,"Handcrafted Brass Deepam Diya, Traditional Kuthu Vilakku Samai, Temple Nilavilakku Pital Oil Lamp for Puja & Aarti, Gold, 1 Inch, 1 Piece",79,99,true,,,https://bhunes.com/products/handcrafted-brass-deepam-diya-traditional-kuthu-vilakku-samai-temple-nilavilakku-pital-oil-lamp-for-puja-aarti,html,,FOUND,
BHU4645A,1,1,"Brass Tea Coffee Glass Peetal Chai Tumbler Pital Coffee Cup Pittal Tea Glass South Indian Filter Coffee Tumbler Traditional Brass Chai Cup Handcrafted Pittalam Tea Coffee Lota, Gold, 2.5 Inch, 1 Piece",169,199,true,,,https://bhunes.com/products/brass-tea-coffee-glass-peetal-chai-tumbler-pital-coffee-cup-pittal-tea-glass-south-indian-filter-coffee-tumbler-traditional-brass-chai-cup-handcrafted-pittalam-tea-coffee-lota,html,YES,FOUND,
BHU4646A,1,1,"Brass Tumbler for Coffee Hotcase Tea Coffee Warmer Box, Traditional Brass Tmnler for Coffee Counter Hot Case Display, Heat Retention Cup for Café Restaurant & Home Use, Gold, 1.5 Inch, 1 Piece",169,199,true,,,https://bhunes.com/products/brass-tumbler-for-coffee-hotcase-tea-coffee-warmer-box-traditional-brass-tmnler-for-coffee-counter-hot-case-display-heat-retention-cup-for-cafe-restaurant-home-use,html,YES,FOUND,
BHU4647A,1,1,"Handcrafted Brass Kumkum Box with Plate, Traditional Pital Haldi Kumkum Holder, Peetal Sindoor Dani Pooja Dabbi, Ethnic Temple Kumkum Choki for Home Decor & Gifts, Gold, 2.5 Inch, 1 Piece",249,299,true,5,YES,https://bhunes.com/products/handcrafted-brass-kumkum-box-with-plate-traditional-pital-haldi-kumkum-holder-peetal-sindoor-dani-pooja-dabbi-ethnic-temple-kumkum-choki-for-home-decor-gifts,html,,FOUND,
BHU4648A,1,1,"Handcrafted Brass Kumkum Bowl, Peetal Sindoor Box, Pital Haldi Kumkum Holder, Traditional Pittal Pooja Kumkum Dabbi for Temple & Home, Gold, 3 Inch, 1 Piece",,,false,,,https://bhunes.com/products/handcrafted-brass-kumkum-bowl-peetal-sindoor-box-pital-haldi-kumkum-holder-traditional-pittal-pooja-kumkum-dabbi-for-temple-home,html,,FOUND,
BHU4649A,1,1,"Handcrafted Brass Agarbatti Holder Plate, Peetal Dhoop Stand, Pittal Pooja Agarbatti Tray, Traditional Pital Incense Burner for Temple & Home Décor, Gold, 1 Inch, 1 Piece",169,199,true,,,https://bhunes.com/products/handcrafted-brass-agarbatti-holder-plate-peetal-dhoop-stand-pittal-pooja-agarbatti-tray-traditional-pital-incense-burner-for-temple-home-decor,html,,FOUND,
BHU4650A,1,1,"Handcrafted Brass Agarbatti Holder Plate, Peetal Pital Dhoop Stand, Pittal Incense Stick Holder for Puja, Mandir & Meditation, Gold, 1 Inch, 1 Piece",249,299,true,5,YES,https://bhunes.com/products/handcrafted-brass-agarbatti-holder-plate-peetal-pital-dhoop-stand-pittal-incense-stick-holder-for-puja-mandir-meditation,html,,FOUND,
BHU4651A,1,1,"Handcrafted Brass Agarbatti Holder Stand, Peetal Dhoopbatti & Incense Stick Holder for Pooja Room Temple, Gold, 11 Inch, 1 Piece",499,599,true,3,YES,https://bhunes.com/products/handcrafted-brass-agarbatti-holder-stand-peetal-dhoopbatti-incense-stick-holder-for-pooja-room-temple,html,,FOUND,
BHU4664AB,1,1,"Brass Murugan Idol Skanda Subramanya Kartikeya Shanmukha Velavan Statue | Traditional Peetal Pital Pittal Moorthi for Pooja Room Home Decor Temple Sculpture, Brown, 3 Inch, 1 Piece",1009,1199,true,2,YES,https://bhunes.com/products/brass-murugan-idol-skanda-subramanya-kartikeya-shanmukha-velavan-statue-traditional-peetal-pital-pittal-moorthi-for-pooja-room-home-decor-temple-sculpture,html,,FOUND,
BHU4681A,1,1,"Handcrafted Brass Kuthu Vilakku Deepam Diya, Traditional Pital Deepak Nilavilakku Temple Oil Lamp, Antique Brass Pooja Vilakku Deep for Home Decor & Festivals, Gold, 36 Inch, 1 Piece",14279,16999,true,2,YES,https://bhunes.com/products/handcrafted-brass-kuthu-vilakku-deepam-diya-traditional-pital-deepak-nilavilakku-temple-oil-lamp-antique-brass-pooja-vilakku-deep-for-home-decor-festivals,html,,FOUND,
BHU4683A,1,1,"Handcrafted Brass Kuthu Vilakku Deepam Diya, Traditional Temple Pital Lamp, Indian Oil Deepak for Pooja, Aarti & Home Décor, Gold, 21.5 Inch, 1 Piece",7899,9399,true,5,YES,https://bhunes.com/products/handcrafted-brass-kuthu-vilakku-deepam-diya-traditional-temple-pital-lamp-indian-oil-deepak-for-pooja-aarti-home-decor,html,,FOUND,
BHU4684A,1,1,"Handcrafted Brass Kuthu Vilakku, Traditional Deepam Deepak Diya Lamp for Pooja Temple & Home Décor, Gold, 15.5 Inch, 1 Piece",,,false,,,https://bhunes.com/products/handcrafted-brass-kuthu-vilakku-traditional-deepam-deepak-diya-lamp-for-pooja-temple-home-decor,html,,FOUND,
BHU4686A,1,1,"Handcrafted Brass Dry Fruit Stand, Peetal Pital Pittalam Pitala Hitale Dry Fruit Box, Decorative Brass Dry Fruit Platter & Serving Tray for Gifting & Home Décor, Gold, 15.5 Inch, 1 Piece",3189,3799,true,,,https://bhunes.com/products/handcrafted-brass-dry-fruit-stand-peetal-pital-pittalam-pitala-hitale-dry-fruit-box-decorative-brass-dry-fruit-platter-serving-tray-for-gifting-home-decor,html,YES,FOUND,
BHU4687A,1,1,"Handcrafted Brass Fruit Bowl Peetal Pittal Pital Hitale Decorative Table Bowl, Traditional Indian Brass Dry Fruit Basket for Home Décor & Dining, Gold, 3 Inch, 1 Piece",1929,2299,true,4,YES,https://bhunes.com/products/handcrafted-brass-fruit-bowl-peetal-pittal-pital-hitale-decorative-table-bowl-traditional-indian-brass-dry-fruit-basket-for-home-decor-dining,html,YES,FOUND,
BHU4688A,1,1,"Handcrafted Brass Fruit Bowl, Peetal Pital Pittal Hitale Decorative Dry Fruit Bowl, Traditional Indian Brass Home Decor Centerpiece, Gold, 8.27 Inch, 1 Piece",1849,2199,true,5,YES,https://bhunes.com/products/handcrafted-brass-fruit-bowl-peetal-pital-pittal-hitale-decorative-dry-fruit-bowl-traditional-indian-brass-home-decor-centerpiece,html,YES,FOUND,
BHU4689A,1,1,"Handcrafted Brass Fruit Bowl, Peetal Pital Pittal Hitale Pittalam Decorative Center Table Bowl, Traditional Indian Dry Fruit & Dining Table Decor Bowl, Gold, 3.5 Inch, 1 Piece",2689,3199,true,,,https://bhunes.com/products/handcrafted-brass-fruit-bowl-peetal-pital-pittal-hitale-pittalam-decorative-center-table-bowl-traditional-indian-dry-fruit-dining-table-decor-bowl,html,YES,FOUND,
BHU4690A,1,1,"Handcrafted Brass Fruit Bowl, Traditional Peetal Pital Pittal Hitale Decorative Fruit Basket for Home, Kitchen & Dining Table, Antique Indian Brass Centerpiece Bowl, Gold, 2 Inch, 1 Piece",1679,1999,true,,,https://bhunes.com/products/handcrafted-brass-fruit-bowl-traditional-peetal-pital-pittal-hitale-decorative-fruit-basket-for-home-kitchen-dining-table-antique-indian-brass-centerpiece-bowl,html,YES,FOUND,
BHU4692A,1,1,"Handcrafted Brass Ink Pot, Vintage Peetal Kalamdan Pital Ink Well, Antique Pittal Kalam Daani Writing Collectible, Brown, 3 Inch, 1 Piece",5539,6599,true,1,YES,https://bhunes.com/products/handcrafted-brass-ink-pot-vintage-peetal-kalamdan-pital-ink-well-antique-pittal-kalam-daani-writing-collectible,html,,FOUND,
BHU4698A,1,1,"Premium Brass Ghoda Idol, Antique Peetal Ashva Statue, Handcrafted Pital Turang / Kudhirai / Kudure Horse Showpiece, Brown, 9 Inch, 1 Piece",15459,18399,true,1,YES,https://bhunes.com/products/premium-brass-ghoda-idol-antique-peetal-ashva-statue-handcrafted-pital-turang-kudhirai-kudure-horse-showpiece,html,,FOUND,
BHU4699A,1,1,"Brass Ink Pot Idol Lady Styled Peetal Pital Dawat Syahi Dani Masidani Likhani Kalash Kalam Dani Vintage Pittal Ink Well Traditional Writing Pot Decorative Collectible, Brown, 6 Inch, 1 Piece",10499,12499,true,1,YES,https://bhunes.com/products/brass-ink-pot-idol-lady-styled-peetal-pital-dawat-syahi-dani-masidani-likhani-kalash-kalam-dani-vintage-pittal-ink-well-traditional-writing-pot-decorative-collectible,html,,FOUND,
BHU4719A,1,1,"Brass Elephant Idol Gaja Hathi Yanai Airavata Figurine Pital Gajraj Statue Matanga Kunjar Murti Home Decor Temple Pooja Vastu Prosperity Showpiece, Gold, 6.5 Inch, 1 Piece",7559,8999,true,2,YES,https://bhunes.com/products/brass-elephant-idol-gaja-hathi-yanai-airavata-figurine-pital-gajraj-statue-matanga-kunjar-murti-home-decor-temple-pooja-vastu-prosperity-showpiece,html,,FOUND,
BHU4720A,1,1,"Brass Elephant Idol Gaja Hathi Yanai Aanai, Handcrafted Pital Peetal Gajendra Gajraj Kunjar Airavata Sculpture for Home Decor Temple Pooja Vastu Prosperity, Gold, 9.5 Inch, 1 Piece",16549,19699,true,2,YES,https://bhunes.com/products/brass-elephant-idol-gaja-hathi-yanai-aanai-statue-handcrafted-pital-peetal-gajendra-gajraj-kunjar-airavata-sculpture-for-home-decor-temple-pooja-vastu-prosperity,html,,FOUND,
BHU4721A,1,1,"Brass Elephant Idol Gaja, Airavata, Hathi, Yanai, Aanai, Figurine for Home Decor Temple Pooja Vastu Prosperity Showpiece, Gold, 9 Inch, 1 Piece",13439,15999,true,1,YES,https://bhunes.com/products/brass-elephant-idol-gaja-airavata-statue-hathi-yanai-aanai-figurine-for-home-decor-temple-pooja-vastu-prosperity-showpiece,html,,FOUND,
BHU475A,1,1,"Brass Prabhavali Arch Wall Hanging for Temple & Home Decor, Prabhawal Prabhawali Frame,Traditional Makara Torana with Kirtimukha Aura Arch, Gold, 11 Inch, 1 Piece",4869,5799,true,5,YES,https://bhunes.com/products/brass-prabhavali-arch-wall-hanging-for-temple-home-decor,html,,FOUND,
BHU4790A,1,1,"Divine Brass Bal Gopal Idol, Bal Krishna Murti, Laddu Gopal Vigraha, Bala Gopala Child Krishna Sculpture for Puja & Home Decor, Gold, 3 Inch, 1 Piece",1429,1699,true,5,YES,https://bhunes.com/products/divine-brass-bal-gopal-idol-bal-krishna-murti-laddu-gopal-vigraha-bala-gopala-child-krishna-sculpture-for-puja-home-decor,html,,FOUND,
BHU4791A,1,1,"Divine Brass Saraswati Saraswathi Sharada Vani Bharati Idol, Veena Vadini Hamsavahini Goddess of Knowledge Murti for Puja Decor Gifts, Gold, 3 Inch, 1 Piece",1009,1199,true,5,YES,https://bhunes.com/products/divine-brass-saraswati-saraswathi-sharada-vani-bharati-idol-veena-vadini-hamsavahini-goddess-of-knowledge-murti-for-puja-decor-gifts,html,,FOUND,
BHU4792A,1,1,"Divine Brass Saraswati Idol (Saraswathi, Sharada, Vani, Bharati) Veena Vadini Murti for Home Puja & Decor, Gold, 4.5 Inch, 1 Piece",3779,4499,true,4,YES,https://bhunes.com/products/divine-brass-saraswati-idol-saraswathi-sharada-vani-bharati-veena-vadini-murti-for-home-puja-decor,html,,FOUND,
BHU4793A,1,1,"Divine Brass Mahakali Idol, Kali Devi Murti, Kalika Vigraha, Shyama Bhadrakali Moorthi for Home Mandir & Puja, Gold, 5.5 Inch, 1 Piece",5209,6199,true,4,YES,https://bhunes.com/products/divine-brass-mahakali-idol-kali-devi-murti-kalika-vigraha-shyama-bhadrakali-moorthi-for-home-mandir-puja,html,,FOUND,
BHU4794A,1,1,"Divine Brass Lakshmi Idol, Mahalakshmi Murti, Sri Devi Vigraha, Padmavati Kamala Moorthi for Home Puja & Prosperity Decor, Gold, 4.5 Inch, 1 Piece",1429,1699,true,5,YES,https://bhunes.com/products/divine-brass-lakshmi-idol-mahalakshmi-murti-sri-devi-vigraha-padmavati-kamala-moorthi-for-home-puja-prosperity-decor,html,,FOUND,
BHU4795A,1,1,"Brass Saraswati Idol Murti | Maa Saraswati Sharada Vani Vagdevi Vidya Devi Veena Pani Statue for Puja Home Decor, Gold, 4 Inch, 1 Piece",2099,2499,true,,,https://bhunes.com/products/brass-saraswati-idol-murti-maa-saraswati-sharada-vani-vagdevi-vidya-devi-veena-pani-statue-for-puja-home-decor,html,,FOUND,
BHU4797A,2,1,"Brass Abhisheka Patra for Deity, Abhishekam Somasutra, Pooja Vessel for Mandir & Home Rituals, Gold, 1 Inch, 1 Piece",1179,1399,true,,,https://bhunes.com/products/brass-abhisheka-patra-for-shiva-lingam-abhishekam-kalasha-jaladhara-pooja-vessel-for-mandir-home-rituals,html,,FOUND,
BHU4797A,2,2,"Brass Abhisheka Patra for Shiva Lingam, Abhishekam Kalasha Jaladhara Snana Vessel for Pooja & Temple Rituals, Gold, 1 Inch, 1 Piece",,,false,,,https://bhunes.com/products/brass-abhisheka-patra-for-shiva-lingam-abhishekam-kalasha-jaladhara-snana-vessel-for-pooja-temple-rituals,html,,FOUND,
BHU4797AB,1,1,"Brass Abhisheka Patra for Deity, Abhishekam Somasutra, Pooja Vessel for Mandir & Home Rituals, Gold, 1 Inch, 1 Piece",1179,1399,true,,,https://bhunes.com/products/brass-abhisheka-patra-for-shiva-lingam-abhishekam-kalasha-jaladhara-pooja-vessel-for-mandir-home-rituals,html,,FOUND,
BHU4798A,1,1,"Brass Abhisheka Patra for Shiva Lingam, Abhishekam Jaladhara Kalasha Pooja Vessel, Gold, 1 Inch, 1 Piece",1679,1999,true,5,YES,https://bhunes.com/products/brass-abhisheka-patra-for-shiva-lingam-abhishekam-jaladhara-kalasha-pooja-vessel,html,,FOUND,
BHU4803A,3,1,"Handcrafted Brass Annapurneshwari Idol, Annapurna Devi Annada Devi Anna Lakshmi Murti for Home Pooja Decor Gift, Gold, 2.5 Inch, 1 Piece",,,false,,,https://bhunes.com/products/handcrafted-brass-annapurneshwari-idol-annapurna-devi-annada-devi-anna-lakshmi-murti-for-home-pooja-decor-gift,html,,FOUND,
BHU4803A,3,2,"Handcrafted Brass Annapurneshwari Idol, Annapurneshwari Devi Annada Akshaya Annapurna Murti for Home Pooja Decor Gift, Gold, 2 Inch, 1 Piece",,,false,,,https://bhunes.com/products/handcrafted-brass-annapurneshwari-idol-annapurna-devi-annada-akshaya-annapurna-murti-for-home-pooja-decor-gift,html,,FOUND,
BHU4803A,3,3,"Brass Annapurneshwari Idol, Annapurna Devi Annada Goddess Murti for Home Pooja & Decor, Gold, 2 Inch, 1 Piece",,,false,,,https://bhunes.com/products/brass-annapurneshwari-idol-annapurna-devi-annada-goddess-murti-for-home-pooja-decor,html,,FOUND,
BHU4803AB,1,1,"Handcrafted Brass Annapurneshwari Idol, Annapurneshwari Devi Annada Akshaya Annapurna Murti for Home Pooja Decor Gift, Gold, 2 Inch, 1 Piece",,,false,,,https://bhunes.com/products/handcrafted-brass-annapurneshwari-idol-annapurna-devi-annada-akshaya-annapurna-murti-for-home-pooja-decor-gift,html,,FOUND,
BHU4803AC,1,1,"Brass Annapurneshwari Idol, Annapurna Devi Annada Goddess Murti for Home Pooja & Decor, Gold, 2 Inch, 1 Piece",,,false,,,https://bhunes.com/products/brass-annapurneshwari-idol-annapurna-devi-annada-goddess-murti-for-home-pooja-decor,html,,FOUND,
BHU4804A,2,1,"Brass Annapurneshwari Idol, Annapurna Devi Annada Mata Peetal Murti for Home Puja & Decor, Gold, 2.5 Inch, 1 Piece",839,999,true,4,YES,https://bhunes.com/products/brass-annapurneshwari-idol-annapurna-devi-annada-mata-peetal-murti-for-home-puja-decor,html,,FOUND,
BHU4804A,2,2,"Brass Annapurneshwari Idol, Annapurna Devi Annada Devi Pooja Murti for Home Mandir, Gold, 2 Inch, 1 Piece",,,false,,,https://bhunes.com/products/brass-annapurneshwari-idol-annapurna-devi-annada-devi-pooja-murti-for-home-mandir,html,,FOUND,
BHU4804AB,1,1,"Brass Annapurneshwari Idol, Annapurna Devi Annada Devi Pooja Murti for Home Mandir, Gold, 2 Inch, 1 Piece",,,false,,,https://bhunes.com/products/brass-annapurneshwari-idol-annapurna-devi-annada-devi-pooja-murti-for-home-mandir,html,,FOUND,
BHU4805A,1,1,"Brass Elephant Pair, Gaj Hathi Yanai Aanai Peetal Pittal Mini Idol for Pooja Vastu Decor, Gold, 1 Inch, 2 Piece",,,false,,,https://bhunes.com/products/brass-elephant-pair-gaj-hathi-yanai-aanai-peetal-pittal-mini-idol-for-pooja-vastu-decor,html,,FOUND,
BHU4806A,9,1,"Brass Abhisheka Patra for Lord Shiva, Soma Sutra Abhishekam Kalasha Kumbha Lota Pooja Vessel, Gold, 6.5 Inch, 1 Piece",16459,19599,true,2,YES,https://bhunes.com/products/brass-abhisheka-patra-for-lord-shiva-soma-sutra-abhishekam-kalasha-kumbha-lota-pooja-vessel,html,,FOUND,
BHU4806A,9,2,"Brass Abhisheka Patra for Shivling Abhishekam, Handcrafted Peetal Pittal Abhishekam Patram Pooja Vessel for Lord Shiva Mahadev Rituals, Gold, 5 Inch, 1 Piece",5459,6499,true,2,YES,https://bhunes.com/products/brass-abhisheka-patra-for-shivling-abhishekam-handcrafted-peetal-pittal-abhishekam-patram-pooja-vessel-for-lord-shiva-mahadev-rituals,html,,FOUND,
BHU4806A,9,3,"Brass Abhisheka Patra, Soma Sutra Abhishekam Vessel, Shivling Abhisheka Kalasha Kumbha Lota for Temple & Home Pooja, Gold, 6.5 Inch, 1 Piece",13019,15499,true,2,YES,https://bhunes.com/products/brass-abhisheka-patra-soma-sutra-abhishekam-vessel-shivling-abhisheka-kalasha-kumbha-lota-for-temple-home-pooja,html,,FOUND,
BHU4806A,9,4,"Brass Abhisheka Patra for Lord Shiva, Handcrafted Shivabhishek Abhishekam Patram, Peetal Pital Pittalam Pooja Vessel for Temple & Home Rituals, Gold, 6 Inch, 1 Piece",10419,12399,true,2,YES,https://bhunes.com/products/brass-abhisheka-patra-for-lord-shiva-handcraftedshivabhishek-abhishekam-patram-peetal-pital-pittalam-pooja-vessel-for-temple-home-rituals,html,,FOUND,
BHU4806A,9,5,"Brass Abhisheka Patra for Shiva Abhishekam, Mahadev Shankar Lingabhishek Pooja Vessel Kalash Patram, Gold, 4.5 Inch, 1 Piece",4369,5199,true,1,YES,https://bhunes.com/products/brass-abhisheka-patra-for-shiva-abhishekam-mahadev-shankar-lingabhishek-pooja-vessel-kalash-patram,html,,FOUND,
BHU4806A,9,6,"Brass Abhisheka Patra for Lord Shiva, Handcrafted Shivabhishek Abhishekam Patram, Mahadev Shivalinga Pooja Vessel for Temple & Home Rituals, Gold, 6.5 Inch, 1 Piece",14359,17099,true,2,YES,https://bhunes.com/products/brass-abhisheka-patra-for-lord-shiva-handcrafted-shivabhishek-abhishekam-patram-mahadev-shivalinga-pooja-vessel-for-temple-home-rituals,html,,FOUND,
BHU4806A,9,7,"Brass Abhisheka Patra for Lord Shiva, Shivling Abhishekam Vessel, Mahadev Jal Abhishek Kalash, Traditional Pooja Patram, Gold, 4 Inch, 1 Piece",3019,3599,true,1,YES,https://bhunes.com/products/brass-abhisheka-patra-for-lord-shiva-shivling-abhishekam-vessel-mahadev-jal-abhishek-kalash-traditional-pooja-patram,html,,FOUND,
BHU4806A,9,8,"Brass Abhisheka Patra for Lord Shiva, Soma Sutra Abhishekam Kalasha Kumbha Patram for Shivling Pooja Rituals, Gold, 5.5 Inch, 1 Piece",7059,8399,true,2,YES,https://bhunes.com/products/brass-abhisheka-patra-for-lord-shiva-soma-sutra-abhishekam-kalasha-kumbha-patram-for-shivling-pooja-rituals,html,,FOUND,
BHU4806A,9,9,"Brass Abhisheka Patra, Soma Sutra, Abhisheka Patram for Shiva Pooja & Temple Rituals, Gold, 6 Inch, 1 Piece",8479,10099,true,2,YES,https://bhunes.com/products/brass-abhisheka-patra-soma-sutra-abhisheka-patram-for-shiva-pooja-temple-rituals,html,,FOUND,
BHU4806AC,1,1,"Brass Abhisheka Patra, Soma Sutra, Abhisheka Patram for Shiva Pooja & Temple Rituals, Gold, 6 Inch, 1 Piece",8479,10099,true,2,YES,https://bhunes.com/products/brass-abhisheka-patra-soma-sutra-abhisheka-patram-for-shiva-pooja-temple-rituals,html,,FOUND,
BHU4806AD,1,1,"Brass Abhisheka Patra for Lord Shiva, Soma Sutra Abhishekam Kalasha Kumbha Patram for Shivling Pooja Rituals, Gold, 5.5 Inch, 1 Piece",7059,8399,true,2,YES,https://bhunes.com/products/brass-abhisheka-patra-for-lord-shiva-soma-sutra-abhishekam-kalasha-kumbha-patram-for-shivling-pooja-rituals,html,,FOUND,
BHU4806AE,1,1,"Brass Abhisheka Patra for Shivling Abhishekam, Handcrafted Peetal Pittal Abhishekam Patram Pooja Vessel for Lord Shiva Mahadev Rituals, Gold, 5 Inch, 1 Piece",5459,6499,true,2,YES,https://bhunes.com/products/brass-abhisheka-patra-for-shivling-abhishekam-handcrafted-peetal-pittal-abhishekam-patram-pooja-vessel-for-lord-shiva-mahadev-rituals,html,,FOUND,
BHU4806AF,1,1,"Brass Abhisheka Patra for Shiva Abhishekam, Mahadev Shankar Lingabhishek Pooja Vessel Kalash Patram, Gold, 4.5 Inch, 1 Piece",4369,5199,true,1,YES,https://bhunes.com/products/brass-abhisheka-patra-for-shiva-abhishekam-mahadev-shankar-lingabhishek-pooja-vessel-kalash-patram,html,,FOUND,
BHU4806AG,1,1,"Brass Abhisheka Patra for Lord Shiva, Shivling Abhishekam Vessel, Mahadev Jal Abhishek Kalash, Traditional Pooja Patram, Gold, 4 Inch, 1 Piece",3019,3599,true,1,YES,https://bhunes.com/products/brass-abhisheka-patra-for-lord-shiva-shivling-abhishekam-vessel-mahadev-jal-abhishek-kalash-traditional-pooja-patram,html,,FOUND,
BHU4806AH,1,1,"Brass Abhisheka Patra for Lord Shiva, Handcrafted Shivabhishek Abhishekam Patram, Mahadev Shivalinga Pooja Vessel for Temple & Home Rituals, Gold, 6.5 Inch, 1 Piece",14359,17099,true,2,YES,https://bhunes.com/products/brass-abhisheka-patra-for-lord-shiva-handcrafted-shivabhishek-abhishekam-patram-mahadev-shivalinga-pooja-vessel-for-temple-home-rituals,html,,FOUND,
BHU4806AI,1,1,"Brass Abhisheka Patra for Lord Shiva, Handcrafted Shivabhishek Abhishekam Patram, Peetal Pital Pittalam Pooja Vessel for Temple & Home Rituals, Gold, 6 Inch, 1 Piece",10419,12399,true,2,YES,https://bhunes.com/products/brass-abhisheka-patra-for-lord-shiva-handcraftedshivabhishek-abhishekam-patram-peetal-pital-pittalam-pooja-vessel-for-temple-home-rituals,html,,FOUND,
BHU4848AB,1,1,"Brass Ganapati Murti Vinayaka Idol, Ganesha Sculpture for Pooja Room Decor, Vighneshwara Gajanana Statue for Home & Gifts, Brown, 2 Inch, 1 Piece",1009,1199,true,1,YES,https://bhunes.com/products/brass-ganapati-murti-vinayaka-idol-ganesha-sculpture-for-pooja-room-decor-vighneshwara-gajanana-statue-for-home-gifts,html,,FOUND,
BHU4851A,1,1,"Brass Garuda Bell Idol, Handcrafted Garuda Ghanta, Vishnu Vahana Garudadev Pooja Temple Bell for Home Mandir & Spiritual Decor, Gold, 4.5 Inch, 1 Piece",1009,1199,true,,,https://bhunes.com/products/brass-garuda-bell-idol-handcrafted-garuda-ghanta-vishnu-vahana-garudadev-pooja-temple-bell-for-home-mandir-spiritual-decor,html,,FOUND,
BHU4852A,1,1,"Brass Ganesha Idol, Handcrafted Ganapati Vinayaka Siddhivinayak Mangalmurti Murti for Pooja, Home Decor, Vastu & Gifting, Gold, 5 Inch, 1 Piece",3529,4199,true,,,https://bhunes.com/products/brass-ganesha-idol-handcrafted-ganapati-vinayaka-siddhivinayak-mangalmurti-murti-for-pooja-home-decor-vastu-gifting,html,,FOUND,
BHU4852A_BHU4856A,1,1,"Brass Ganesha Lakshmi Idol, Handcrafted Lakshmi Ganapati Murti, Sri Lakshmi Sahita Ganesh Vigraham for Puja, Home Decor & Prosperity, Gold, 5 Inch, 2 Piece",6889,8199,true,5,YES,https://bhunes.com/products/brass-ganesha-lakshmi-idol-handcrafted-lakshmi-ganapati-murti-sri-lakshmi-sahita-ganesh-vigraham-for-puja-home-decor-prosperity,html,YES,FOUND,
BHU4852AB,1,1,"Brass Ganesha Idol Peetal Ganapati Vinayaka Murti Vighnaharta Siddhivinayak Pillaiyar Statue for Puja Home Decor Gift, Gold, 4 Inch, 1 Piece",,,false,,,https://bhunes.com/products/brass-ganesha-idol-peetal-ganapati-vinayaka-murti-vighnaharta-siddhivinayak-pillaiyar-statue-for-puja-home-decor-gift,html,YES,FOUND,
BHU4853A,1,1,"Brass Ganesha Idol with Umbrella, Handcrafted Vinayaka Ganapati Vinayagar Pillaiyar Murti, Mangalmurti Vighnaharta for Pooja Home Decor Gifts, Gold, 4.5 Inch, 1 Piece",,,false,,,https://bhunes.com/products/brass-ganesha-idol-with-umbrella-handcrafted-vinayaka-ganapati-vinayagar-pillaiyar-murti-mangalmurti-vighnaharta-for-pooja-home-decor-gifts,html,,FOUND,
BHU4853A_BHU4855A,1,1,"Brass Lakshmi Ganapati Idol with Umbrella, Handcrafted Ganesha Lakshmi Murti, Lakshmi Sahita Ganesh Vigraham for Pooja, Vastu, Diwali & Home Decor, Gold, 4.5 Inch, 2Piece",2689,3199,true,,,https://bhunes.com/products/brass-lakshmi-ganapati-idol-with-umbrella-handcrafted-ganesha-lakshmi-murti-lakshmi-sahita-ganesh-vigraham-for-pooja-vastu-diwali-home-decor,html,YES,FOUND,
BHU4854A,1,1,"Brass Ram Darbar Murti, Handcrafted Shri Ram Parivar Idol with Sita Lakshman Hanuman, Traditional Pooja Vigraha for Home Mandir & Sacred Decor, Gold, 4 Inch, 1 Piece",2439,2899,true,3,YES,https://bhunes.com/products/brass-ram-darbar-murti-handcrafted-shri-ram-parivar-idol-with-sita-lakshman-hanuman-traditional-pooja-vigraha-for-home-mandir-sacred-decor,html,,FOUND,
BHU4855A,1,1,"Brass Mahalakshmi Idol with Umbrella, Handcrafted Shri Lakshmi Padmavati Kamala Indira Devi Murti for Pooja, Home Decor & Gifts, Gold, 4.5 Inch, 1 Piece",1259,1499,true,4,YES,https://bhunes.com/products/brass-mahalakshmi-idol-with-umbrella-handcrafted-shri-lakshmi-padmavati-kamala-indira-devi-murti-for-pooja-home-decor-gifts,html,,FOUND,
BHU4856A,1,1,"Brass Mahalakshmi Idol, Handcrafted Shri Lakshmi Padmavati Kamala Devi Murti, Pittal Lakshmi Vigraha for Pooja, Home Decor & Auspicious Gifts, Gold, 5 Inch, 1 Piece",3439,4099,true,5,YES,https://bhunes.com/products/brass-mahalakshmi-idol-handcrafted-shri-lakshmi-padmavati-kamala-devi-murti-pittal-lakshmi-vigraha-for-pooja-home-decor-auspicious-gifts,html,,FOUND,
BHU4856AB,1,1,"Brass Mahalakshmi Idol Sri Lakshmi Murti Peetal Ashtalakshmi Vigraha Kamala Indira Dhana Gaja Varalakshmi Moorthi for Puja Home Decor Gift, Gold, 4 Inch, 1 Piece",,,false,,,https://bhunes.com/products/brass-mahalakshmi-idol-sri-lakshmi-murti-peetal-ashtalakshmi-vigraha-kamala-indira-dhana-gaja-varalakshmi-moorthi-for-puja-home-decor-gift-gold-4-inch-1-piece,html,YES,FOUND,
BHU4857A,1,1,"Brass Venkateshwara Balaji Idol, Handcrafted Tirupati Balaji Srinivasa Govinda Murti for Pooja, Home Decor & Gifting, Gold, 3.5 Inch, 1 Piece",589,699,true,,,https://bhunes.com/products/brass-venkateshwara-balaji-idol-handcrafted-tirupati-balaji-srinivasa-govinda-murti-for-pooja-home-decor-gifting,html,,FOUND,
BHU4858A,1,1,"Brass Mahalakshmi Idol, Handcrafted Shri Lakshmi Devi Murti, Kamala Padmavati Indira Bhargavi Vigraha for Pooja Home Decor Gifts, Gold, 3 Inch, 1 Piece",839,999,true,4,YES,https://bhunes.com/products/brass-mahalakshmi-idol-handcrafted-shri-lakshmi-devi-murti-kamala-padmavati-indira-bhargavi-vigraha-for-pooja-home-decor-gifts,html,YES,FOUND,
BHU4898A,1,1,"Brass Sheshnag Murti Adi Shesha Ananta Nag Vigraha Peetal Sarparaja Idol for Puja Mandir Decor, Gold, 4 Inch, 1 Piece",759,899,true,,,https://bhunes.com/products/brass-sheshnag-murti-adi-shesha-ananta-nag-vigraha-peetal-sarparaja-idol-for-puja-mandir-decor,html,YES,FOUND,
BHU4900A,1,1,"Brass Prabhavali Makara Torana Arch (Prabha Valli / Prabhamandala) Peetal Pital Pittalai Temple Idol Back Aureole Frame for Murti Vigraha Pooja Mandir Decor, Gold, 10.5 Inch, 1 Piece",4279,5099,true,,,https://bhunes.com/products/brass-prabhavali-makara-torana-arch-prabha-valli-prabhamandala-peetal-pital-pittalai-temple-idol-back-aureole-frame-for-murti-vigraha-pooja-mandir-decor-gold-10-5-inch-1-piece,html,,FOUND,
BHU4901A,1,1,"Brass Prabhavali Arch Peetal Prabha Mandala Makara Torana Prabhavalli Frame for Murti Vigraha Mandir Pooja Decor Traditional Temple Back Aureole, Gold, 12 Inch, 1 Piece",,,false,,,https://bhunes.com/products/brass-prabhavali-arch-peetal-prabha-mandala-makara-torana-prabhavalli-frame-for-murti-vigraha-mandir-pooja-decor-traditional-temple-back-aureole,html,YES,FOUND,
BHU4902A,1,1,"Brass Prabhavali Arch Peetal Pital Pittalai Prabhamandala Makara Torana Deity Back Halo Frame for Murti Vigraha Mandir Pooja Decor, Gold, 7 Inch, 1 Piece",,,false,,,https://bhunes.com/products/brass-prabhavali-arch-peetal-pital-pittalai-prabhamandala-makara-torana-deity-back-halo-frame-for-murti-vigraha-mandir-pooja-decor,html,,FOUND,
BHU4802AC,1,1,"Brass Ganesha Idol Vinayaka Ganapati Siddhivinayaka Murti for Home Pooja Decor Gift, Gold, 2 Inch, 1 Piece",,,false,,,https://bhunes.com/products/brass-ganesha-idol-vinayaka-ganapati-siddhivinayaka-murti-for-home-pooja-decor-gift,html,,FOUND,
BHU4802AB,1,1,"Brass Ganesha Idol, Ganapati Vinayaka Siddhivinayaka Murti for Home Pooja Decor Gift, Gold, 2.5 Inch, 1 Piece",759,899,true,,,https://bhunes.com/products/brass-ganesha-idol-ganapati-vinayaka-siddhivinayaka-murti-for-home-pooja-decor-gift,html,,FOUND,
BHU4802A,3,1,"Brass Ganesha Idol, Ganapati Vinayaka Vighneshwara Ekadanta Lambodara Murti for Home Pooja Decor & Gifts, Gold, 3 Inch, 1 Piece",1089,1299,true,,,https://bhunes.com/products/handcrafted-brass-ganesha-idol-ganapati-vinayaka-vighneshwara-ekadanta-lambodara-murti-for-home-pooja-decor-gifts,html,,FOUND,
BHU4802A,3,2,"Brass Ganesha Idol, Ganapati Vinayaka Siddhivinayaka Murti for Home Pooja Decor Gift, Gold, 2.5 Inch, 1 Piece",759,899,true,,,https://bhunes.com/products/brass-ganesha-idol-ganapati-vinayaka-siddhivinayaka-murti-for-home-pooja-decor-gift,html,,FOUND,
BHU4802A,3,3,"Brass Ganesha Idol Vinayaka Ganapati Siddhivinayaka Murti for Home Pooja Decor Gift, Gold, 2 Inch, 1 Piece",,,false,,,https://bhunes.com/products/brass-ganesha-idol-vinayaka-ganapati-siddhivinayaka-murti-for-home-pooja-decor-gift,html,,FOUND,
BHU4908A,1,1,"Brass Peacock Lamp Idol Mayil Vilakku Mayur Deepam Mor Diya Kuthu Vilakku Pital Peetal Hittale Traditional Temple Pooja Oil Deepak , Gold, 3 Inch, 1 Piece",919,1099,true,,,https://bhunes.com/products/brass-peacock-lamp-idol-mayil-vilakku-mayur-deepam-mor-diya-kuthu-vilakku-pital-peetal-hittale-traditional-temple-pooja-oil-deepak-gold-3-inch-1-piece,html,YES,FOUND,
BHU4911A,1,1,"Brass Radha Krishna Idol Murti Peetal Radhe Shyam Radha Madhav Govinda Gopala Vigraha Moorti for Puja Mandir Home Decor Gift, Gold, 3 Inch, 1 Piece",,,false,,,https://bhunes.com/products/brass-radha-krishna-idol-murti-peetal-radhe-shyam-radha-madhav-govinda-gopala-vigraha-moorti-for-puja-mandir-home-decor-gift-gold-3-inch-1-piece,html,,FOUND,
BHU4911A_BHU4912A,1,1,"Brass Radha Krishna Idol Murti Peetal Radhe Shyam Radha Madhav Govinda Gopala Vigraha Moorti for Puja Mandir Home Decor Gift, Gold, 3 Inch, 1 Piece",,,false,,,https://bhunes.com/products/brass-radha-krishna-idol-murti-peetal-radhe-shyam-radha-madhav-govinda-gopala-vigraha-moorti-for-puja-mandir-home-decor-gift-gold-3-inch-1-piece,html,,FOUND,
BHU4912A,1,1,"Brass Radha Rani Idol Radharani Radhika Kishori Ji Peetal Murti Vigraha Moorti for Puja Mandir Home Decor Spiritual Gift Statue, Gold, 3 Inch, 1 Piece",,,false,,,https://bhunes.com/products/brass-radha-rani-idol-radharani-radhika-kishori-ji-peetal-murti-vigraha-moorti-for-puja-mandir-home-decor-spiritual-gift-statue-gold-3-inch-1-piece,html,YES,FOUND,
BHU4913A,1,1,"Brass Murugan Idol Kartikeya Skanda Subramanya Shanmukha Arumugam Saravana Vel Mayilvahanan Pital Peetal Murti for Puja Mandir Home Decor, Gold, 4.5 Inch, 1 Piece",1429,1699,true,1,YES,https://bhunes.com/products/brass-murugan-idol-kartikeya-skanda-subramanya-shanmukha-arumugam-saravana-vel-mayilvahanan-pital-peetal-murti-for-puja-mandir-home-decor-gold-4-5-inch-1-piece,html,YES,FOUND,
BHU4914A,1,1,"Brass Mahalakshmi Idol Sri Lakshmi Devi Murti Peetal Pital Vigraha Kamala Indira Ashtalakshmi Statue for Puja Mandir Home Decor Gift, Gold, 5.5 Inch, 1 Piece",2769,3299,true,3,YES,https://bhunes.com/products/brass-mahalakshmi-idol-sri-lakshmi-devi-murti-peetal-pital-vigraha-kamala-indira-ashtalakshmi-statue-for-puja-mandir-home-decor-gift-gold-5-5-inch-1-piece,html,YES,FOUND,
BHU4915A,1,1,"Brass Ganesha Idol, Peetal Ganapati Murti Vinayaka Vigraha Siddhivinayak Vighnaharta Pillaiyar Statue for Home Pooja Decor, Gold, 5.5 Inch, 1 Piece",2939,3499,true,,,https://bhunes.com/products/brass-ganesha-idol-14cm-peetal-ganapati-murti-vinayaka-vigraha-siddhivinayak-vighnaharta-pillaiyar-statue-for-home-pooja-decor-gold-5-5-inch-1-piece,html,YES,FOUND,
BHU4916A,1,1,"Brass ShivaLingam Shivling Mahalingam Jyotirlinga Peetal Shivalinga Murti for Pooja Home Temple Decor, Gold, 4 Inch, 1 Piece",2689,3199,true,1,YES,https://bhunes.com/products/brass-shivalingam-shivling-mahalingam-jyotirlinga-peetal-shivalinga-murti-for-pooja-home-temple-decor-gold-4-inch-1-piece,html,YES,FOUND,
BHU4917A,1,1,"Brass Khatu Shyam Ji Idol Peetal Shyam Baba Murti Sheesh Ke Dani Teen Baan Dhaari Veer Barbarik Vigraha for Pooja Mandir Home Decor Gift, Gold, 3.5 Inch, 1 Piece",1259,1499,true,,,https://bhunes.com/products/brass-khatu-shyam-ji-idol-peetal-shyam-baba-murti-sheesh-ke-dani-teen-baan-dhaari-veer-barbarik-vigraha-for-pooja-mandir-home-decor-gift,html,YES,FOUND,
BHU4918A,1,1,"Brass Radha Krishna Idol Peetal Radhe Shyam Murti Radha Madhav Govind Gopal Shyamsundar Vigraha for Home Pooja Decor Gift, Gold, 4.5 Inch, 1 Piece",1509,1799,true,,,https://bhunes.com/products/brass-radha-krishna-idol-peetal-radhe-shyam-murti-radha-madhav-govind-gopal-shyamsundar-vigraha-for-home-pooja-decor-gift-gold-4-5-inch-1-piece,html,YES,FOUND,
BHU4919A,1,1,"Brass Vishnu Balaji Symbols Idol, Shankha Chakra Gada Padma Srivatsa Namam Narayana Hari Venkateshwara Vaishnava Murti for Puja Decor Gift, Gold, 1.5 Inch, 1 Piece",759,899,true,,,https://bhunes.com/products/brass-vishnu-balaji-symbols-idol-shankha-chakra-gada-padma-srivatsa-namam-narayana-hari-venkateshwara-vaishnava-murti-for-puja-decor-gift-gold-1-5-inch-1-piece,html,YES,FOUND,
BHU4920A,1,1,"Brass Lakshmi Narasimha Idol Peetal Lakshmi Nrusimha Swamy Murti Narasingha Dev Vigraha Narasimhar Perumal Moorthi for Puja Home Decor, Gold, 5.5 Inch, 1 Piece",3609,4299,true,2,YES,https://bhunes.com/products/brass-lakshmi-narasimha-idol-peetal-lakshmi-nrusimha-swamy-murti-narasingha-dev-vigraha-narasimhar-perumal-moorthi-for-puja-home-decor-gold-5-5-inch-1-piece,html,,FOUND,
BHU4920AB,1,1,"Brass Lakshmi Narasimha Swamy Idol Peetal Lakshmi Nrusimha Vigraha Narasingha Deva Murti Narasimha Perumal Moorthi for Puja Mandir Home Decor Gift, Gold, 4.5 Inch, 1 Piece",2439,2899,true,1,YES,https://bhunes.com/products/brass-lakshmi-narasimha-swamy-idol-peetal-lakshmi-nrusimha-vigraha-narasingha-deva-murti-narasimha-perumal-moorthi-for-puja-mandir-home-decor-gift-gold-4-5-inch-1-piece,html,YES,FOUND,
BHU4921A,1,1,"Brass Shiva Lingam Shivling Shivalinga Mahalingam Peetal Pital Linga Murti Mahadev Shankar Puja Idol for Home Mandir Decor, Gold, 2.5 Inch, 1 Piece",839,999,true,,,https://bhunes.com/products/brass-shiva-lingam-shivling-shivalinga-mahalingam-peetal-pital-linga-murti-mahadev-shankar-puja-idol-for-home-mandir-decor-gold-2-5-inch-1-piece,html,YES,FOUND,
BHU4941A,1,1,"Brass Water Pot Kalash Kamandalu Kumbha Pooja Jal Patra Mangala Kalasha Purna Kumbh Ghata Lota Abhishekam Tirtha Patra Sacred Mandir Puja Vessel Peetal Pittal Pital Ritual Water Pot for Temple Worship, Gold, 11.5 Inch, 1 Piece",8229,9799,true,5,YES,https://bhunes.com/products/brass-water-pot-kalash-kamandalu-kumbha-pooja-jal-patra-mangala-kalasha-purna-kumbh-ghata-lota-abhishekam-tirtha-patra-sacred-mandir-puja-vessel-peetal-pittal-pital-ritual-water-pot-for-temple-worship-gold-11-5-inch-1-piece,html,,FOUND,
BHU4949A,1,1,"Brass Abhishek Patra Soma suthra for Shivling Abhishekam Lingabhishekam Rudrabhishek Puja Vessel Pital Peetal Hittale Abhisheka Patram Kalasam Temple Kalasha Lota Mandir Pooja Patra, Gold, 8.5 Inch, 1 Piece",6379,7599,true,,,https://bhunes.com/products/brass-abhishek-patra-soma-suthra-for-shivling-abhishekam-lingabhishekam-rudrabhishek-puja-vessel-pital-peetal-hittale-abhisheka-patram-kalasam-temple-kalasha-lota-mandir-pooja-patra-gold-8-5-inch-1-piece,html,YES,FOUND,
BHU4950A,1,1,"Brass Abhishek Patra, Soma suthra for Shivling Abhishekam, Peetal Pital Rudrabhishek Abhisheka Patram Lingabhishekam Jal Kalash Pooja Vessel Temple Shiv Puja Patra, Gold, 4.5 Inch, 1 Piece",2179,2599,true,,,https://bhunes.com/products/brass-abhishek-patra-soma-suthra-for-shivling-abhishekam-peetal-pital-rudrabhishek-abhisheka-patram-lingabhishekam-jal-kalash-pooja-vessel-temple-shiv-puja-patra-gold-4-5-inch-1-piece,html,YES,FOUND,
BHU4960A,1,1,"Brass Plate Heavy Pure Peetal Thali Pooja Aarti Bhog Prasad Naivedya Temple Ritual Brass Dinner Serving Plate Traditional Hittale Pital Pittal Pooja Thali, Gold, 1.5 Inch, 1 Piece",3019,3599,true,2,YES,https://bhunes.com/products/brass-plate-49cm-heavy-pure-peetal-thali-pooja-aarti-bhog-prasad-naivedya-temple-ritual-brass-dinner-serving-plate-traditional-hittale-pital-pittal-pooja-thali-gold-1-5-inch-1-piece,html,YES,FOUND,
BHU4961A,1,1,"Brass Fruit Bowl, Peetal Fruit Basket, Decorative Dry Fruit Serving Bowl,  Offering Bowl for Dining Table, Gold, 15.5 Inch, 1 Piece",3529,4199,true,1,YES,https://bhunes.com/products/brass-fruit-bowl-peetal-fruit-basket-decorative-dry-fruit-serving-bowl-offering-bowl-for-dining-table-gold-15-5-inch-1-piece,html,,FOUND,
BHU4971A,1,1,"Brass Nandi Bull Bell Ghanti, Basava Vrishabha Nandikeshwara Bail Peetal Pooja Bell, Sacred Cow Cattle Temple Hanging Bell for Home Mandir Decor, Gold, 6.5 Inch, 1 Piece",2349,2799,true,5,YES,https://bhunes.com/products/brass-nandi-bull-bell-ghanti-basava-vrishabha-nandikeshwara-bail-peetal-pooja-bell-sacred-cow-cattle-temple-hanging-bell-for-home-mandir-decor-gold-6-5-inch-1-piece,html,YES,FOUND,
BHU4972A,1,1,"Brass Trishul Bell for Pooja, Shiva Mahadev Trishul Ghanti, Peetal Trident Temple Ghanta, Shankar Bholenath Mandir Aarti Bell, Handmade Hindu Prayer Bell for Home Temple Decor, Gold, 7.5 Inch, 1 Piece",2349,2799,true,5,YES,https://bhunes.com/products/brass-trishul-bell-for-pooja-shiva-mahadev-trishul-ghanti-peetal-trident-temple-ghanta-shankar-bholenath-mandir-aarti-bell-handmade-hindu-prayer-bell-for-home-temple-decor-gold-7-5-inch-1-piece,html,YES,FOUND,
BHU4973A,1,1,"Brass Pooja Chowki for Home Temple Decor, Peetal Bajot Peetham Patla Dev Peeth Simhasanam Murti Aasan Traditional Handcrafted Platform, Gold, 6.5 Inch, 1 Piece",8229,9799,true,3,YES,https://bhunes.com/products/brass-pooja-chowki-peetal-bajot-brass-peetham-pooja-patla-dev-peeth-simhasanam-mandir-chowki-murti-aasan-havan-peeth-traditional-handcrafted-brass-pooja-platform-for-home-temple-decor-gold-6-5-inch-1-piece,html,,FOUND,
BHU4974A,1,1,"Brass Pooja Chowki, Peetal Pooja Peeth, Brass Bajot Patla, Murti Aasan Simhasanam, Dev Peeth Vedika, Brass Idol Stand, Mandir Platform, Havan Kalash Chowki for Home Temple Decor, Gold, 5.5 Inch, 1 Piece",4119,4899,true,3,YES,https://bhunes.com/products/brass-pooja-chowki-peetal-pooja-peeth-brass-bajot-patla-murti-aasan-simhasanam-dev-peeth-vedika-brass-idol-stand-mandir-platform-havan-kalash-chowki-for-home-temple-decor-gold-5-5-inch-1-piece,html,,FOUND,
BHU4975A,1,1,"Brass Pooja Chowki, Peetal Murti Peetham, Pittalai Bajot, Brass Dev Peeth Simhasanam, Brass Mandir Platform, Brass Idol Stand, Pooja Aasan, Havan Chowki, Traditional Handcrafted Brass Pooja Platform for Home Temple Decor, Gold, 10 Inch, 1 Piece",6219,7399,true,1,YES,https://bhunes.com/products/brass-pooja-chowki-peetal-murti-peetham-pittalai-bajot-brass-dev-peeth-simhasanam-brass-mandir-platform-brass-idol-stand-pooja-aasan-havan-chowki-traditional-handcrafted-brass-pooja-platform-for-home-temple-decor-gold-6-inch-1-piece,html,,FOUND,
BHU4977A,1,1,"Brass Aasan Pooja Platform, Murti Stand, Dev Peeth, Vedika, Patla, Simhasan for Home Temple Mandir Decor, Gold, 5.5 Inch, 1 Piece",4119,4899,true,,,https://bhunes.com/products/brass-pooja-chowki-brass-peetham-peetal-bajot-brass-aasan-brass-pooja-platform-brass-murti-stand-brass-dev-peeth-brass-vedika-brass-patla-brass-simhasan-for-home-temple-mandir-decor-gold-5-5-inch-1-piece,html,YES,FOUND,
BHU4979A,1,1,"Brass Round Stand for Pooja, Peetal Chowki, Circular Murti Asana, Brass Peetham, Simhasanam Base, Idol Display Stand, Pooja Pedestal, Mandir Chowki, Round Brass Platform for God Idols Temple Decor, Gold, 3 Inch, 1 Piece",1259,1499,true,,,https://bhunes.com/products/brass-round-stand-for-pooja-peetal-chowki-circular-murti-asana-brass-peetham-simhasanam-base-idol-display-stand-pooja-pedestal-mandir-chowki-round-brass-platform-for-god-idols-temple-decor-gold-3-inch-1-piece,html,YES,FOUND,
BHU4980A,1,1,"Brass Hanging Lamp for Pooja, Temple Hanging Diya, Thooku Vilakku, Kuthu Vilakku, Brass Hanging Deepam, Traditional Peetal Hanging Deepak with Chain for Home Mandir, Kerala Style Nilavilakku Decor, Gold, 5 Inch, 1 Piece",4539,5399,true,5,YES,https://bhunes.com/products/brass-hanging-lamp-for-pooja-temple-hanging-diya-thooku-vilakku-kuthu-vilakku-brass-hanging-deepam-traditional-peetal-hanging-deepak-with-chain-for-home-mandir-kerala-style-nilavilakku-decor-gold-5-inch-1-piece,html,,FOUND,
BHU4981A,1,1,"Brass Pooja Chowki, Peetham, Bajot, Aasan, Patla, Simhasanam, Murti Chowki, Dev Peeth, Vedika, Brass Idol Stand, Pooja Platform, Mandir Chowki, Peetal Pittalai Pital Hittale Brass Chowki for Home Temple Decor, Gold, 3.5 Inch, 1 Piece",1339,1599,true,1,YES,https://bhunes.com/products/brass-pooja-chowki-peetham-bajot-aasan-patla-simhasanam-murti-chowki-dev-peeth-vedika-brass-idol-stand-pooja-platform-mandir-chowki-peetal-pittalai-pital-hittale-brass-chowki-for-home-temple-decor-gold-3-5-inch-1-piece,html,,FOUND,
BHU4982A,1,1,"Brass Pooja Chowki, Peetal Peetham, Pittalai Aasan, Brass Bajot, Murti Chowki, Dev Peeth, Simhasanam, Pooja Platform, Brass Patla, Mandir Chowki for God Idol, Kalash & Havan Use (12x12 cm), Gold, 3 Inch, 1 Piece",1089,1299,true,5,YES,https://bhunes.com/products/brass-pooja-chowki-peetal-peetham-pittalai-aasan-brass-bajot-murti-chowki-dev-peeth-simhasanam-pooja-platform-brass-patla-mandir-chowki-for-god-idol-kalash-havan-use-12x12-cm-gold-3-inch-1-piece,html,,FOUND,
BHU4983A,1,1,"Traditional Brass Hanging Lamp Thooku Vilakku Pooja Hanging Diya Deepam Temple Chain Oil Lamp Kerala Style Vilakku Peetal Pittal Mandir Hanging Lamp for Home Temple Spiritual Decor Diwali Pooja Accessories, Gold, 6.5 Inch (Only Lamp), 1 Piece",4539,5399,true,5,YES,https://bhunes.com/products/traditional-brass-hanging-lamp-thooku-vilakku-pooja-hanging-diya-deepam-temple-chain-oil-lamp-kerala-style-vilakku-peetal-pittal-mandir-hanging-lamp-for-home-temple-spiritual-decor-diwali-pooja-accessories-gold-6-5-inch-1-piece,html,,FOUND,
BHU4984A,1,1,"Brass Hanging Lamp Kerala Vilakku Thooku Vilakku Hanging Diya Deepam Deepak Peetal Pital Pittal Temple Pooja Hanging Oil Lamp Traditional South Indian Mandir Chain Hanging Deepa Jyoti Lamp Home Decor Vastu Lamp, Gold, 7 Inch, 1 Piece",4539,5399,true,5,YES,https://bhunes.com/products/brass-hanging-lamp-kerala-vilakku-thooku-vilakku-hanging-diya-deepam-deepak-peetal-pital-pittal-temple-pooja-hanging-oil-lamp-traditional-south-indian-mandir-chain-hanging-deepa-jyoti-lamp-home-decor-vastu-lamp-gold-7-inch-1-piece,html,,FOUND,
BHU4985A,1,1,"Brass Hanging Lamp Kerala Thooku Vilakku Deepam, Traditional Peetal Hanging Diya, South Indian Temple Hanging Deepak Vilakku Oil Lamp for Pooja Mandir Home Decor, Gold, 7 Inch, 1 Piece",4539,5399,true,5,YES,https://bhunes.com/products/brass-hanging-lamp-kerala-thooku-vilakku-deepam-traditional-peetal-hanging-diya-south-indian-temple-hanging-deepak-vilakku-oil-lamp-for-pooja-mandir-home-decor-gold-7-inch-1-piece,html,,FOUND,
BHU4986A,1,1,"Brass Hanging Lamp Kerala Thooku Vilakku, Traditional Peetal Hanging Diya Deepam, South Indian Temple Hanging Oil Lamp, Pooja Mandir Deepa Jyoti Vilakku Decorative Chain Lamp for Home Temple Decor, Gold, 5.5 Inch, 1 Piece",2179,2599,true,4,YES,https://bhunes.com/products/brass-hanging-lamp-kerala-thooku-vilakku-traditional-peetal-hanging-diya-deepam-south-indian-temple-hanging-oil-lamp-pooja-mandir-deepa-jyoti-vilakku-decorative-chain-lamp-for-home-temple-decor-gold-5-5-inch-1-piece,html,YES,FOUND,
BHU4987A,1,1,"Brass Hanging Lamp Pooja Diya, Traditional Peetal Thooku Vilakku Deepam, Temple Hanging Oil Lamp, Mandir Hanging Jyoti Deepak, Kerala Tamil Style Vilakku for Home Pooja Decor, Gold, 4.5 Inch, 1 Piece",1429,1699,true,3,YES,https://bhunes.com/products/brass-hanging-lamp-pooja-diya-traditional-peetal-thooku-vilakku-deepam-temple-hanging-oil-lamp-mandir-hanging-jyoti-deepak-kerala-tamil-style-vilakku-for-home-pooja-decor-gold-4-5-inch-1-piece,html,YES,FOUND,
BHU4988A,1,1,"Brass Round Stand for Pooja Idol, Peetal Murti Asana, Circular Pooja Chowki, Brass Peetham Simhasanam, Mandir Pedestal Stand, Brass Gol Platform for God Statue, Diya Lamp Urli Display Base, Gold, 2.5 Inch, 1 Piece",919,1099,true,,,https://bhunes.com/products/brass-round-stand-for-pooja-idol-peetal-murti-asana-circular-pooja-chowki-brass-peetham-simhasanam-mandir-pedestal-stand-brass-gol-platform-for-god-statue-diya-lamp-urli-display-base-gold-2-5-inch-1-piece,html,,FOUND,
BHU4989A,1,1,"Brass Round Pooja Stand Chowki Peetham Singhasan Circular Idol Display Base Peetal Pittal Hittale Murti Asana Pedestal for God Idol Diya Urli Temple Mandir Decor, Gold, 3 Inch, 1 Piece",1599,1899,true,,,https://bhunes.com/products/brass-round-pooja-stand-chowki-peetham-singhasan-circular-idol-display-base-peetal-pittal-hittale-murti-asana-pedestal-for-god-idol-diya-urli-temple-mandir-decor-gold-3-inch-1-piece,html,,FOUND,
BHU4990A,1,1,"Brass Round Stand Pooja Chowki Circular Idol Display Peetham Simhasanam Murti Asana Mandir Temple Diya Pedestal Peetal Pittal Hittale Brass Platform for God Idol Decor, Gold, 4 Inch, 1 Piece",1679,1999,true,1,YES,https://bhunes.com/products/brass-round-stand-pooja-chowki-circular-idol-display-peetham-simhasanam-murti-asana-mandir-temple-diya-pedestal-peetal-pittal-hittale-brass-platform-for-god-idol-decor-gold-4-inch-1-piece,html,,FOUND,
BHU4991A,1,1,"Brass Pooja Plate, Brass Pooja Thali, Peetal Aarti Thali, Hittale Pooja Taali, Brass Thambalam, Pooja Samagri Plate, Temple Pooja Thali for Home Mandir, Festival Aarti Ritual Plate, Gold, 13.5 Inch, 1 Piece",1759,2099,true,,,https://bhunes.com/products/brass-pooja-plate-brass-pooja-thali-peetal-aarti-thali-hittale-pooja-taali-brass-thambalam-pooja-samagri-plate-temple-pooja-thali-for-home-mandir-festival-aarti-ritual-plate-gold-3-inch-1-piece,html,,FOUND,
BHU4992A,1,1,"Brass Pooja Thali, Peetal Pooja Plate, Aarti Thali, Hittale Pooja Taali, Brass Thambalam, Traditional Puja Plate for Home Temple, Mandir, Diwali, Navratri, Lakshmi Ganesh Pooja Ritual Thali (26 cm), Gold, 10 Inch, 1 Piece",1009,1199,true,,,https://bhunes.com/products/brass-pooja-thali-peetal-pooja-plate-aarti-thali-hittale-pooja-taali-brass-thambalam-traditional-puja-plate-for-home-temple-mandir-diwali-navratri-lakshmi-ganesh-pooja-ritual-thali-26-cm-gold-1-5-inch-1-piece,html,,FOUND,
BHU4993A,1,1,"Brass Pooja Plate, Brass Pooja Thali, Peetal Aarti Thali, Hittale Pooja Taali, Traditional Pooja Samagri Plate, Temple Puja Thali, Devotional Aarti Plate, Mandir Pooja Tray for Home, Festival & Ritual Use, Gold, 7.5 Inch, 1 Piece",839,999,true,,,https://bhunes.com/products/brass-pooja-plate-brass-pooja-thali-peetal-aarti-thali-hittale-pooja-taali-traditional-pooja-samagri-plate-temple-puja-thali-devotional-aarti-plate-mandir-pooja-tray-for-home-festival-ritual-use-gold-1-inch-1-piece,html,,FOUND,
BHU4995A,1,1,"Brass 5 Layer Aarti Lamp Panchmukhi Panchadeepam, 5 Jyot Pancharti Diya, Peetal 5 Wick Pooja Deepam, Traditional Temple Aarti Lamp, Multi Tier Mandir Aarti Stand, Hindu Pooja Brass Deepak, Gold, 14 Inch, 1 Piece",8649,10299,true,,,https://bhunes.com/products/brass-5-layer-aarti-lamp-panchmukhi-panchadeepam-5-jyot-pancharti-diya-peetal-5-wick-pooja-deepam-traditional-temple-aarti-lamp-multi-tier-mandir-aarti-stand-hindu-pooja-brass-deepak-gold-14-inch-1-piece,html,,FOUND,
BHU4997A,1,1,"Brass 3 Layer Aarti Lamp 3 Tier Aarti Diya Traditional 3 Step Deepam Multi Tier Pooja Deepam Tripadi Trishreni Deepam Temple Aarti Lamp Brass Pooja Diya Stand for Home Mandir Festival Pooja Decor, Gold, 9.5 Inch, 1 Piece",2349,2799,true,2,YES,https://bhunes.com/products/brass-3-layer-aarti-lamp-3-tier-aarti-diya-traditional-3-step-deepam-multi-tier-pooja-deepam-tripadi-trishreni-deepam-temple-aarti-lamp-brass-pooja-diya-stand-for-home-mandir-festival-pooja-decor-gold-9-5-inch-1-piece,html,,FOUND,
BHU4999A,1,1,"Brass Aarti Burner Kapoor Dani Camphor Lamp Peetal Pital Pittal Karpoora Harathi Aarti Deepam Pooja Diya Mandir Temple Brass Aarti Lamp Traditional Pooja Samagri, Gold, 12 Inch, 1 Piece",1429,1699,true,2,YES,https://bhunes.com/products/brass-aarti-burner-kapoor-dani-camphor-lamp-peetal-pital-pittal-karpoora-harathi-aarti-deepam-pooja-diya-mandir-temple-brass-aarti-lamp-traditional-pooja-samagri-gold-1-inch-1-piece,html,,FOUND,
BHU5000A,1,1,"Brass Murugan Hanging Lamp Kartikeya Subramanya Skanda Shanmukha Arumuga Saravana Kumara Swamy Vilakku Traditional South Indian Temple Pooja Hanging Deepam Mayil Vel Muruga Diya Decor, Gold, 22.5 Inch, 1 Piece",1929,2299,true,2,YES,https://bhunes.com/products/brass-murugan-hanging-lamp-kartikeya-subramanya-skanda-shanmukha-arumuga-saravana-kumara-swamy-vilakku-traditional-south-indian-temple-pooja-hanging-deepam-mayil-vel-muruga-diya-decor-gold-22-5-inch-1-piece,html,,FOUND,
BHU5001A,1,1,"Brass Hamsa Hanging Lamp, Annapakshi Swan Diya, Vilakku Deepam, Panchmukhi Temple Pendant, Kerala Style Pooja Lantern for Mandir Décor, Gold, 21.5 Inch, 1 Piece",2689,3199,true,5,YES,https://bhunes.com/products/brass-hamsa-hanging-5-lamp-annapakshi-swan-hanging-diya-hamsa-deepam-vilakku-panchmukhi-brass-hanging-lamp-temple-pooja-hanging-diya-south-indian-kerala-style-brass-hanging-deepam-for-mandir-decor-gold-21-5-inch-1-piece,html,,FOUND,
BHU5002A,1,1,"Brass Hanging Lamp with Bell, Peetal Ghanti Hanging Diya, Temple Hanging Deepam Vilakku, Traditional Mandir Pooja Lamp, Kerala Nilavilakku Kuthu Vilakku Style Hanging Brass Lamp for Home Decor & Gifts, Gold, 23 Inch, 1 Piece",3609,4299,true,3,YES,https://bhunes.com/products/brass-hanging-lamp-with-bell-peetal-ghanti-hanging-diya-temple-hanging-deepam-vilakku-traditional-mandir-pooja-lamp-kerala-nilavilakku-kuthu-vilakku-style-hanging-brass-lamp-for-home-decor-gifts-gold-23-inch-1-piece,html,,FOUND,
BHU5003A,1,1,"Brass Hanging Lamp with Star, Thooku Vilakku Hanging Diya, Temple Chain Deepam, Traditional Pooja Hanging Deepak, Kerala Style Nilavilakku Vilakku, Mandir Devghar Oil Lamp Decor for Home Temple Diwali Aarti Pooja, Gold, 22 Inch (Including Chain), 1 Piece",1929,2299,true,4,YES,https://bhunes.com/products/brass-hanging-lamp-with-star-thooku-vilakku-hanging-diya-temple-chain-deepam-traditional-pooja-hanging-deepak-kerala-style-nilavilakku-vilakku-mandir-devghar-oil-lamp-decor-for-home-temple-diwali-aarti-pooja-gold-22-inch-1-piece,html,,FOUND,
BHU5004A,1,1,"Brass Hanging Lamp for Pooja, Traditional Thooku Vilakku Hanging Deepam, Kerala Nilavilakku Style, Peetal Pital Pittal Oil Lamp for Home Mandir Decor, Gold, 20.5 Inch (Including Chain), 1 Piece",2859,3399,true,,,https://bhunes.com/products/brass-hanging-lamp-for-pooja-traditional-thooku-vilakku-hanging-deepam-temple-hanging-diya-with-chain-kerala-nilavilakku-style-peetal-pital-pittal-oil-lamp-for-home-mandir-decor-spiritual-festival-hanging-lamp-gold-20-5-inch-1-piece,html,,FOUND,
BHU5005A,1,1,"Traditional Brass Pooja Lamp Kuthu Vilakku Nilavilakku Samai Deepam Diya South Indian Temple Oil Lamp Deepalakshmi Kamakshi Kubera Jyoti Brass Aarti Lamp for Home Mandir Pooja Decor, Gold, 10 Inch, 2 Piece",2019,2399,true,,,https://bhunes.com/products/traditional-brass-pooja-lamp-kuthu-vilakku-nilavilakku-samai-deepam-diya-south-indian-temple-oil-lamp-deepalakshmi-kamakshi-kubera-jyoti-brass-aarti-lamp-for-home-mandir-pooja-decor-gold-10-inch-2-piece,html,YES,FOUND,
BHU5006A,1,1,"Brass Deepa Lakshmi Pooja Lamp, Traditional Kuthu Vilakku, Nilavilakku, Samai Diya, Lakshmi Deepam, Kamakshi Deepalakshmi Brass Temple Lamp for Home Mandir Aarti Spiritual Decor, Gold, 14 Inch, 2 Piece",3699,4399,true,,,https://bhunes.com/products/brass-deepa-lakshmi-pooja-lamp-traditional-kuthu-vilakku-nilavilakku-samai-diya-lakshmi-deepam-kamakshi-deepalakshmi-brass-temple-lamp-for-home-mandir-aarti-spiritual-decor-gold-14-inch-2-piece,html,YES,FOUND,
BHU5007A,1,1,"Brass Pooja Lamp Diya Deepam, Traditional Kuthu Vilakku Vilakku Samai Nilavilakku Deepa Lakshmi Kamakshi Kubera Jyoti Oil Lamp for Home Temple Mandir Aarti Spiritual Decor, Gold, 8 Inch, 2 Piece",1599,1899,true,,,https://bhunes.com/products/brass-pooja-lamp-diya-deepam-traditional-kuthu-vilakku-vilakku-samai-nilavilakku-deepa-lakshmi-kamakshi-kubera-jyoti-oil-lamp-for-home-temple-mandir-aarti-spiritual-decor-gold-8-inch-2-piece,html,YES,FOUND,
BHU5008A,1,1,"Traditional Brass Pooja Lamp Diya Deepam Kuthu Vilakku Nilavilakku Deepalakshmi Kamakshi Kubera Deepam Aarti Oil Lamp for Home Temple Mandir Spiritual Decor Diwali Festival Lighting, Gold, 12.5 Inch, 2 Piece",3109,3699,true,,,https://bhunes.com/products/traditional-brass-pooja-lamp-diya-deepam-kuthu-vilakku-nilavilakku-deepalakshmi-kamakshi-kubera-deepam-aarti-oil-lamp-for-home-temple-mandir-spiritual-decor-diwali-festival-lighting-gold-12-5-inch-2-piece,html,YES,FOUND,
BHU5009A,1,1,"Brass Lamp Stand Deepa Stambh Kuthu Vilakku Nilavilakku Samai Pooja Deepam Stand Traditional Peetal Pittalai Vilakku Diya Stand Temple Lamp Stand Heavy Brass Akhand Jyot Pooja Lamp Stand 56 cm, Gold, 22 Inch, 1 Piece",,,false,,,https://bhunes.com/products/brass-lamp-stand-deepa-stambh-kuthu-vilakku-nilavilakku-samai-pooja-deepam-stand-traditional-peetal-pittalai-vilakku-diya-stand-temple-lamp-stand-heavy-brass-akhand-jyot-pooja-lamp-stand-56-cm-gold-22-inch-1-piece,html,,FOUND,
BHU5010A,1,1,"Brass Traditional Deepa Stambh Lamp Stand Kuthu Vilakku Nilavilakku Samai Peetal Pittalai Temple Pooja Oil Lamp Stand Large Floor Diya Stand South Indian Mandir Deepam Stand Decorative Brass Vilakku, Gold, 30.5 Inch, 1 Piece",,,false,,,https://bhunes.com/products/traditional-brass-deepa-stambh-lamp-stand-kuthu-vilakku-nilavilakku-samai-peetal-pittalai-temple-pooja-oil-lamp-stand-large-floor-diya-stand-south-indian-mandir-deepam-stand-decorative-brass-vilakku-gold-30-5-inch-1-piece,html,YES,FOUND,
BHU5020A,1,1,"Brass Murugan Vel Velayudham Kartikeya Subramanya Skanda Sacred Vel Ayudha Pooja Idol 30cm, Gold, 12 Inch, 1 Piece",4279,5099,true,,,https://bhunes.com/products/brass-murugan-vel-velayudham-kartikeya-subramanya-skanda-sacred-vel-ayudha-pooja-idol-30cm-gold-12-inch-1-piece,html,YES,FOUND,
BHU5022A,1,1,"Brass Annapurneshwari Annapurna Devi Idol Annapoorna Amman Murti Peetal Pital Vigraha Moorti for Puja Mandir Home Decor Gift Statue, Gold, 6 Inch, 1 Piece",3279,3899,true,,,https://bhunes.com/products/brass-annapurneshwari-annapurna-devi-idol-annapoorna-amman-murti-peetal-pital-vigraha-moorti-for-puja-mandir-home-decor-gift-statue-gold-6-inch-1-piece,html,YES,FOUND,
BHU503A,1,1,"Bhunes Brass Small Prabhavali Arch Frame – Wall Hanging Prabhawali Prabhaval for Deity | Temple Home Decor | Traditional Kirtimukha Brass Backdrop, Gold, 6.5 Inch, 1 Piece",1009,1199,true,,,https://bhunes.com/products/brass-small-prabhavali-arch-frame-wall-hanging-prabhawali-prabhaval-for-deity,html,,FOUND,
BHU5071A,1,1,"Brass Shaligram Stand Peetham Saligram Yoni Base Puja Chowki Mandir Asana Peetal Pital Pittal Simhasanam Holder, Gold, 1.5 Inch, 1 Piece",1759,2099,true,,,https://bhunes.com/products/brass-shaligram-stand-peetham-saligram-yoni-base-puja-chowki-mandir-asana-peetal-pital-pittal-simhasanam-holder-gold-1-5-inch-1-piece,html,,FOUND,
BHU5071B,1,1,"Brass Shiva Lingam Shivling Mahadev Shivalinga Jyotirlinga Peetal Pital Pittal Lingam Murti for Pooja Mandir Home Decor Gift, Gold, 3 Inch, 1 Piece",2269,2699,true,,,https://bhunes.com/products/brass-shiva-lingam-shivling-mahadev-shivalinga-jyotirlinga-peetal-pital-pittal-lingam-murti-for-pooja-mandir-home-decor-gift-gold-3-inch-1-piece,html,,FOUND,
BHU5072A,1,1,"Brass Thiruvalluvar Idol Tiruvalluvar Valluvar Tamil Poet Tirukkural Author Statue Murti Vigraha for Home Decor Puja Gift Sculpture, Gold, 4.5 Inch, 1 Piece",2859,3399,true,,,https://bhunes.com/products/brass-thiruvalluvar-idol-tiruvalluvar-valluvar-tamil-poet-tirukkural-author-statue-murti-vigraha-for-home-decor-puja-gift-sculpture-gold-4-5-inch-1-piece,html,,FOUND,
BHU5074A,1,1,"Brass Ganesha Idol Ganapati Vinayaka Vigneshwara Murti Large Temple Decor Statue, Gold, 30.5 Inch, 1 Piece",171189,203799,true,1,YES,https://bhunes.com/products/brass-ganesha-idol-ganapati-vinayaka-vigneshwara-murti-large-temple-decor-statue-gold-30-5-inch-1-piece,html,YES,FOUND,
BHU5075A,1,1,"Brass Hanuman Murti Bajrangbali Sankatmochan Anjaneya Maruti Ram Bhakt Idol Statue for Pooja Decor 70 cm, Gold, 27.5 Inch, 1 Piece",30239,35999,true,2,YES,https://bhunes.com/products/grand-brass-hanuman-murti-bajrangbali-sankatmochan-anjaneya-maruti-ram-bhakt-idol-statue-for-pooja-decor-70-cm-gold-27-5-inch-1-piece,html,YES,FOUND,
BHU5076A,1,1,"Brass Ardhanarishwar Idol Shiva Shakti Ardhanarishvara Arthanareeswarar Murti Statue 53cm, Gold, 21 Inch, 1 Piece",20829,24799,true,2,YES,https://bhunes.com/products/brass-ardhanarishwar-idol-shiva-shakti-ardhanarishvara-arthanareeswarar-murti-statue-53cm-gold-21-inch-1-piece,html,YES,FOUND,
BHU5077A,1,1,"Brass Kalpavriksha Tree of Life Wall Hanging Idol Peetal Pital Pittal Murti Vastu Feng Shui Home Decor Sculpture 47cm, Gold, 16 Inch, 1 Piece",,,false,,,https://bhunes.com/products/brass-kalpavriksha-tree-of-life-wall-hanging-idol-peetal-pital-pittal-murti-vastu-feng-shui-home-decor-sculpture-47cm-gold-16-inch-1-piece,html,,FOUND,
BHU5078A,1,1,"Brass Kalpavriksha Tree of Life Wall Hanging Murti Vigraha Pital Peetal Sacred Vastu Feng Shui Decor Sculpture for Home Living Room Pooja Room Gift Showpiece, Gold, 25.5 Inch, 1 Piece",26959,32099,true,1,YES,https://bhunes.com/products/brass-kalpavriksha-tree-of-life-wall-hanging-murti-vigraha-pital-peetal-sacred-vastu-feng-shui-decor-sculpture-for-home-living-room-pooja-room-gift-showpiece-gold-25-5-inch-1-piece,html,,FOUND,
BHU5079A,1,1,"Brass Ardhanarishwara Idol Shiva Shakti Murti Half Male Female Statue Pooja Decor 34cm, Gold, 13.5 Inch, 1 Piece",8899,10599,true,4,YES,https://bhunes.com/products/brass-ardhanarishwara-idol-shiva-shakti-murti-half-male-female-statue-pooja-decor-34cm-gold-13-5-inch-1-piece,html,YES,FOUND,
BHU5080A,1,1,"Brass Venkateswara Balaji Srinivasa Govinda Tirupati Perumal Idol Statue for Temple Home Decor Pooja 120cm, Gold, 47 Inch, 4ft,  1 Piece",109199,129999,true,1,YES,https://bhunes.com/products/brass-venkateswara-balaji-srinivasa-govinda-tirupati-perumal-idol-statue-for-temple-home-decor-pooja-120cm-gold-47-inch-1-piece,html,YES,FOUND,
BHU5094A,2,1,"Brass Havan Sruk With Yali Face, Spoon Ladle for Yajna Yagya Agnihotra Homa, Sruva Peetal Pital Pittal Pooja Spoon, Ghee Offering Vedic Ritual Agni Kund Temple Use Handmade Sacred Fire Spoon, Gold, 19 Inch, 1 Piece",5289,6299,true,,,https://bhunes.com/products/brass-havan-spoon-ladle-for-yajna-yagya-agnihotra-homa-peetal-pital-pittal-pooja-spoon-ghee-offering-vedic-ritual-agni-kund-temple-use-handmade-sacred-fire-spoon-gold-3-inch-1-piece,html,YES,FOUND,
BHU5094A,2,2,"Brass Handcrafted Havan Spoon Set for Yajna, Sruk With Yali Face, Sruva Yagya & Agnihotra Rituals, Traditional Puja Ladle, Ghee Offering Spoon for Sacred Fire Ceremonies (Set of 2), Gold, 19 Inch, 2 Piece",7219,8599,true,,,https://bhunes.com/products/brass-handcrafted-havan-spoon-set-for-yajna-yagya-agnihotra-rituals-traditional-puja-ladle-ghee-offering-spoon-for-sacred-fire-ceremonies-set-of-2-gold-3-inch-2-piece,html,YES,FOUND,
BHU5094A_BHU3649AC,1,1,"Brass Handcrafted Havan Spoon Set for Yajna, Sruk With Yali Face, Sruva Yagya & Agnihotra Rituals, Traditional Puja Ladle, Ghee Offering Spoon for Sacred Fire Ceremonies (Set of 2), Gold, 19 Inch, 2 Piece",7219,8599,true,,,https://bhunes.com/products/brass-handcrafted-havan-spoon-set-for-yajna-yagya-agnihotra-rituals-traditional-puja-ladle-ghee-offering-spoon-for-sacred-fire-ceremonies-set-of-2-gold-3-inch-2-piece,html,YES,FOUND,
BHU5098A,1,1,"Brass Handcrafted Chola Murugan Idol with Vel,  Lord Subramanya Kartikeya Statue for Pooja Decor & Gifting, Gold, 8 Inch, 1 Piece",4869,5799,true,2,YES,https://bhunes.com/products/brass-handcrafted-chola-murugan-idol-with-vel-lord-subramanya-kartikeya-statue-for-pooja-decor-gifting-gold-8-inch-1-piece,html,,FOUND,
BHU5100A,1,1,"Brass Handcrafted Shri Swami Samarth Maharaj Idol for Pooja, Home Decor & Spiritual Gifting, Gold, 4 Inch, 1 Piece",2439,2899,true,1,YES,https://bhunes.com/products/brass-handcrafted-shri-swami-samarth-maharaj-idol-for-pooja-home-decor-spiritual-gifting-gold-4-inch-1-piece,html,,FOUND,
BHU5102A,1,1,"Brass Handcrafted Chola Style Nandi Idol for Shivling Pooja, Basava Home Decor & Spiritual Gifting, Gold, 2.5 Inch, 1 Piece",1929,2299,true,4,YES,https://bhunes.com/products/brass-handcrafted-chola-style-nandi-idol-for-shivling-pooja-basava-home-decor-spiritual-gifting-gold-2-5-inch-1-piece,html,,FOUND,
BHU5103A,1,1,"Brass Handcrafted Kamdhenu Gomata Idol for Pooja, Vastu, Home Decor & Traditional Spiritual Gifting, Gold, 3 Inch, 1 Piece",2439,2899,true,2,YES,https://bhunes.com/products/brass-handcrafted-kamdhenu-gomata-idol-for-pooja-vastu-home-decor-traditional-spiritual-gifting-gold-3-inch-1-piece,html,,FOUND,
BHU5104A,1,1,"Brass Kamdhenu Gomata Idol with Calf for Pooja, Vastu & Home Decor, Handcrafted Traditional Murti, Gold, 3.5 Inch, 1 Piece",2439,2899,true,1,YES,https://bhunes.com/products/brass-kamdhenu-gomata-idol-with-calf-for-pooja-vastu-home-decor-handcrafted-traditional-murti-gold-3-5-inch-1-piece,html,,FOUND,
BHU5105A,1,1,"Brass Khatu Shyam Idol Handcrafted Shyam Baba Murti for Pooja Home Decor Spiritual Gifting Traditional Style, Gold, 5 Inch, 1 Piece",2939,3499,true,4,YES,https://bhunes.com/products/brass-khatu-shyam-idol-handcrafted-shyam-baba-murti-for-pooja-home-decor-spiritual-gifting-traditional-style-gold-5-inch-1-piece,html,,FOUND,
BHU5106A,1,1,"Brass Ashoka Pillar Idol Ashoka Stambh Lion Capital Handcrafted Traditional Decor Gift for Office Pooja Home, Gold, 6 Inch, 1 Piece",1509,1799,true,2,YES,https://bhunes.com/products/brass-ashoka-pillar-idol-ashoka-stambh-lion-capital-handcrafted-traditional-decor-gift-for-office-pooja-home-gold-6-inch-1-piece,html,,FOUND,
BHU5109A,1,1,"Brass Chhatrapati Shivaji Maharaj Idol Murti, Handcrafted Traditional Maratha Warrior Pooja Home Decor Gift, Gold, 5 Inch, 1 Piece",2439,2899,true,2,YES,https://bhunes.com/products/brass-chhatrapati-shivaji-maharaj-idol-murti-handcrafted-traditional-maratha-warrior-pooja-home-decor-gift-gold-5-inch-1-piece,html,,FOUND,
BHU5110A,1,1,"Brass Vittal Rukmini Idol Panduranga Vithoba Handcrafted Chola Murti for Pooja Home Decor Gifting, Gold, 3 Inch, 1 Piece",1599,1899,true,3,YES,https://bhunes.com/products/brass-vittal-rukmini-idol-panduranga-vithoba-handcrafted-chola-murti-for-pooja-home-decor-gifting-gold-3-inch-1-piece,html,,FOUND,
BHU5111A,1,1,"Brass Kamdhenu Gomata Surabhi Idol for Pooja Vastu Home Decor Traditional Handcrafted Chola Statue, Gold, 6 Inch, 1 Piece",9579,11399,true,1,YES,https://bhunes.com/products/brass-kamdhenu-gomata-surabhi-idol-for-pooja-vastu-home-decor-traditional-handcrafted-chola-statue-gold-6-inch-1-piece,html,,FOUND,
BHU5112A,1,1,"Brass Maha Vishnu Idol Narayana Perumal Murti for Pooja Home Decor Gifting Traditional Handcrafted Statue, Gold, 11 Inch, 1 Piece",11929,14199,true,1,YES,https://bhunes.com/products/brass-maha-vishnu-idol-narayana-perumal-murti-for-pooja-home-decor-gifting-traditional-handcrafted-statue-gold-11-inch-1-piece,html,,FOUND,
BHU5113A,1,1,"Brass Murugan Idol Kartikeya Subramanya Swamy Statue for Pooja Home Decor Traditional Chola Gift, Gold, 8 Inch, 1 Piece",8149,9699,true,3,YES,https://bhunes.com/products/brass-murugan-idol-kartikeya-subramanya-swamy-statue-for-pooja-home-decor-traditional-chola-gift-gold-8-inch-1-piece,html,,FOUND,
BHU5114A,1,1,"Brass Meladi Mata Ji Idol Murti, Handcrafted Meldi Maa Devi Statue for Pooja, Vastu & Home Decor, Gold, 5 Inch, 1 Piece",3439,4099,true,1,YES,https://bhunes.com/products/brass-meladi-mata-ji-idol-murti-handcrafted-meldi-maa-devi-statue-for-pooja-vastu-home-decor-gold-5-inch-1-piece,html,,FOUND,
BHU5115A,1,1,"Brass Shrinath Ji Idol Traditional Handcrafted Krishna Murti for Pooja Home Decor Temple Gifting, Gold, 4.5 Inch, 1 Piece",3359,3999,true,2,YES,https://bhunes.com/products/brass-shrinath-ji-idol-traditional-handcrafted-krishna-murti-for-pooja-home-decor-temple-gifting-gold-4-5-inch-1-piece,html,,FOUND,
BHU5116A,1,1,"Brass Murugan Subramanya Kartikeya Idol Traditional Chola Handcrafted Statue for Pooja Decor Gift, Gold, 4.5 Inch, 1 Piece",2939,3499,true,,,https://bhunes.com/products/brass-murugan-subramanya-kartikeya-idol-traditional-chola-handcrafted-statue-for-pooja-decor-gift-gold-4-5-inch-1-piece,html,,FOUND,
BHU5118A,2,1,"Brass Handcrafted Peacock Lamp, Traditional Mayil Vilakku Deepam for Pooja, Home Decor & Gifting, Gold, 6.5 Inch, 1 Piece",7729,9199,true,1,YES,https://bhunes.com/products/brass-handcrafted-peacock-lamp-traditional-mayil-vilakku-deepam-for-pooja-home-decor-gifting-gold-6-5-inch-1-piece,html,,FOUND,
BHU5118A,2,2,"Brass Peacock Lamp Set of 2 Traditional Handcrafted Mayil Vilakku Deepam for Pooja Decor & Gifting, Gold, 6.5 Inch, 2 Piece",14359,17099,true,1,YES,https://bhunes.com/products/brass-peacock-lamp-set-of-2-traditional-handcrafted-mayil-vilakku-deepam-for-pooja-decor-gifting-gold-6-5-inch-2-piece,html,,FOUND,
BHU5118A_BHU5118A,1,1,"Brass Peacock Lamp Set of 2 Traditional Handcrafted Mayil Vilakku Deepam for Pooja Decor & Gifting, Gold, 6.5 Inch, 2 Piece",14359,17099,true,1,YES,https://bhunes.com/products/brass-peacock-lamp-set-of-2-traditional-handcrafted-mayil-vilakku-deepam-for-pooja-decor-gifting-gold-6-5-inch-2-piece,html,,FOUND,
BHU5119A,1,1,"Brass Peacock Lakshmi Vilakku Deepam, Handcrafted Traditional Chola Pooja Lamp for Decor & Gifting, Gold, 13 Inch, 1 Piece",11929,14199,true,2,YES,https://bhunes.com/products/brass-peacock-lakshmi-vilakku-deepam-handcrafted-traditional-chola-pooja-lamp-for-decor-gifting-gold-13-inch-1-piece,html,,FOUND,
BHU5119A_BHU5119A,1,1,"Brass Peacock Lakshmi Vilakku Deepam, Handcrafted Traditional Pooja Lamp for Temple Home Decor & GiftingSet Of 2, Gold, 13 Inch, 2 Piece",23859,28399,true,1,YES,https://bhunes.com/products/brass-peacock-lakshmi-vilakku-deepam-handcrafted-traditional-pooja-lamp-for-temple-home-decor-giftingset-of-2-gold-13-inch-2-piece,html,YES,FOUND,
BHU5120A,2,1,"Brass Mahalakshmi Vilakku Lamp for Pooja, Traditional Handcrafted Deepam Home Decor Gift, Gold, 14.5 Inch, 1 Piece",19069,22699,true,2,YES,https://bhunes.com/products/brass-mahalakshmi-vilakku-lamp-for-pooja-traditional-handcrafted-deepam-home-decor-gift-gold-14-5-inch-1-piece,html,,FOUND,
BHU5120A,2,2,"Brass Peacock Lakshmi Vilakku Deepam Handcrafted Traditional Chola Pooja Home Decor Gift LampSet Of 2, Gold, 14.5 Inch, 2 Piece",36619,43599,true,1,YES,https://bhunes.com/products/brass-peacock-lakshmi-vilakku-deepam-handcrafted-traditional-chola-pooja-home-decor-gift-lampset-of-2-gold-14-5-inch-2-piece,html,,FOUND,
BHU5120A_BHU5120A,1,1,"Brass Peacock Lakshmi Vilakku Deepam Handcrafted Traditional Chola Pooja Home Decor Gift LampSet Of 2, Gold, 14.5 Inch, 2 Piece",36619,43599,true,1,YES,https://bhunes.com/products/brass-peacock-lakshmi-vilakku-deepam-handcrafted-traditional-chola-pooja-home-decor-gift-lampset-of-2-gold-14-5-inch-2-piece,html,,FOUND,
BHU5121A,1,1,"Brass Vishnu Dashavatar Set Idol Handcrafted Dashavatara Murti for Pooja, Temple Decor & Gifting, Gold, 3 Inch, 10 Piece",14359,17099,true,3,YES,https://bhunes.com/products/brass-vishnu-dashavatar-set-idol-handcrafted-dashavatara-murti-for-pooja-temple-decor-gifting-gold-3-inch-10-piece,html,,FOUND,
BHU5131A,1,1,"Brass Vintage Pooja Thali for Aarti, Temple, Home Decor & Gifting, Handcrafted Traditional Plate, Gold, 1 Inch, 1 Piece",2599,3099,true,1,YES,https://bhunes.com/products/brass-vintage-pooja-thali-for-aarti-temple-home-decor-gifting-handcrafted-traditional-plate-gold-1-inch-1-piece,html,,FOUND,
BHU5132A,1,1,"Brass Pooja Plate for Aarti & Mandir Decor, Handcrafted Traditional Puja Thali for Gifting, Gold, 1 Inch, 1 Piece",4279,5099,true,,,https://bhunes.com/products/brass-pooja-plate-for-aarti-mandir-decor-handcrafted-traditional-puja-thali-for-gifting-gold-1-inch-1-piece,html,,FOUND,
BHU5133A,1,1,"Brass Pooja Thali for Aarti, Temple, Home Decor & Gifting, Traditional Handcrafted Puja Plate, Gold, 1.5 Inch, 1 Piece",14869,17699,true,1,YES,https://bhunes.com/products/brass-pooja-thali-for-aarti-temple-home-decor-gifting-traditional-handcrafted-puja-plate-gold-1-5-inch-1-piece,html,,FOUND,
BHU5202A,1,1,"Brass Abhishek Patre Somasuthra for Shivling Pooja, Handcrafted Traditional Chola Ritual Kalasha Gifting, Gold, 1 Inch, 1 Piece",1339,1599,true,,,https://bhunes.com/products/brass-abhishek-patre-somasuthra-for-shivling-pooja-handcrafted-traditional-chola-ritual-kalasha-gifting-gold-1-inch-1-piece,html,,FOUND,
BHU5203A,1,1,"Brass Vintage Box Handcrafted Traditional Heritage Treasure Chest for Pooja, Home Decor, Collectible Gifting, Brown, 2.5 Inch, 1 Piece",2939,3499,true,,,https://bhunes.com/products/brass-vintage-box-handcrafted-traditional-heritage-treasure-chest-for-pooja-home-decor-collectible-gifting-brown-2-5-inch-1-piece,html,,FOUND,
BHU5204A,1,1,"Brass Vintage Box Handcrafted Traditional Heritage Peti for Pooja, Home Decor, Collectibles & Gifting, Brown, 3 Inch, 1 Piece",5799,6899,true,1,YES,https://bhunes.com/products/brass-vintage-box-handcrafted-traditional-heritage-peti-for-pooja-home-decor-collectibles-gifting-brown-3-inch-1-piece,html,,FOUND,
BHU5205A,1,1,"Brass Vintage Box Handcrafted Traditional Heritage Peti for Home decor & Gifting, Brown, 2.5 Inch, 1 Piece",3529,4199,true,,,https://bhunes.com/products/brass-vintage-box-handcrafted-traditional-heritage-peti-for-home-decor-gifting-brown-2-5-inch-1-piece,html,,FOUND,
BHU5206A,1,1,"Brass Vintage Box for Pooja, Home Decor, Gifting, Handcrafted Heritage Treasure Chest Style, Brown, 2 Inch, 1 Piece",2269,2699,true,,,https://bhunes.com/products/brass-vintage-box-for-pooja-home-decor-gifting-handcrafted-heritage-treasure-chest-style-brown-2-inch-1-piece,html,,FOUND,
BHU5210A,1,1,"Brass Ganesha Ganapati Idol Handcrafted Traditional Vinayaka Murti for Pooja Home Decor & Gifting, Gold, 9.5 Inch, 1 Piece",9409,11199,true,3,YES,https://bhunes.com/products/brass-ganesha-ganapati-idol-handcrafted-traditional-vinayaka-murti-for-pooja-home-decor-gifting-gold-9-5-inch-1-piece,html,,FOUND,
BHU5216A,1,1,"Brass Ganesha Handcrafted Ganapati Vinayaka Idol for Pooja, Traditional Chola Home Decor & Spiritual Gifting, Gold, 6.5 Inch, 1 Piece",3949,4699,true,4,YES,https://bhunes.com/products/brass-ganesha-handcrafted-ganapati-vinayaka-idol-for-pooja-traditional-chola-home-decor-spiritual-gifting-gold-6-5-inch-1-piece,html,,FOUND,
BHU5225A,1,1,"Brass Tara Devi Idol Handcrafted Traditional Chola Style Sculpture for Pooja Decor & Spiritual Gifting, Gold, 8.5 Inch, 1 Piece",4619,5499,true,1,YES,https://bhunes.com/products/brass-tara-devi-idol-handcrafted-traditional-chola-style-sculpture-for-pooja-decor-spiritual-gifting-gold-8-5-inch-1-piece,html,,FOUND,
BHU5226A,1,1,"Brass Laughing Buddha Idol, Handcrafted Hotei Budai Statue for Vastu, Pooja, Home Decor & Gifting, Gold, 5 Inch, 1 Piece",3279,3899,true,4,YES,https://bhunes.com/products/brass-laughing-buddha-idol-handcrafted-hotei-budai-statue-for-vastu-pooja-home-decor-gifting-gold-5-inch-1-piece,html,,FOUND,
BHU5229A,1,1,"Brass Dog Statue, Shvan Kukkura Nai Murti for Home Decor & Gifting, Gold, 5.5 Inch, 1 Piece",3779,4499,true,2,YES,https://bhunes.com/products/brass-dog-statue-shvan-kukkura-nai-murti-for-home-decor-gifting-gold-5-5-inch-1-piece,html,YES,FOUND,
BHU5230A,1,1,"Brass  Dog Statue Handmade Idol for Pooja Home Decor & Gifting, Gold, 11 Inch, 1 Piece",5799,6899,true,2,YES,https://bhunes.com/products/brass-dog-statue-handmade-idol-for-pooja-home-decor-gifting-gold-11-inch-1-piece,html,YES,FOUND,
BHU5231A,1,1,"Brass Handcrafted Dog Statue, Home Decor & Gifting, Gold, 4.5 Inch, 1 Piece",3359,3999,true,3,YES,https://bhunes.com/products/brass-handcrafted-dog-statue-home-decor-gifting-gold-4-5-inch-1-piece,html,YES,FOUND,
BHU5236A,1,1,"Handcrafted Brass Dog Statue for Home Decor Sculpture, Gold, 4.5 Inch, 1 Piece",3529,4199,true,2,YES,https://bhunes.com/products/handcrafted-brass-dog-statue-for-home-decor-sculpture-gold-4-5-inch-1-piece,html,YES,FOUND,
BHU5237A,1,1,"Brass Cat Idol Handcrafted Traditional Sculpture for Vastu Home Decor Pooja and Luxury Gifting, Gold, 8 Inch, 1 Piece",1429,1699,true,2,YES,https://bhunes.com/products/brass-cat-idol-handcrafted-traditional-sculpture-for-vastu-home-decor-pooja-and-luxury-gifting-gold-8-inch-1-piece,html,YES,FOUND,
BHU5240A,1,1,"Brass Cat Idol for Home Decor, Spiritual Gifting & Traditional Display, Gold, 8 Inch, 1 Piece",5629,6699,true,2,YES,https://bhunes.com/products/brass-cat-idol-for-home-decor-spiritual-gifting-traditional-display-gold-8-inch-1-piece,html,YES,FOUND,
BHU5241A,1,1,"Brass Cat Idol Sculpture for Vastu Home Decor Gifting Traditional Handcrafted Chola Style Murti, Gold, 8 Inch, 1 Piece",6299,7499,true,2,YES,https://bhunes.com/products/brass-cat-idol-sculpture-for-vastu-home-decor-gifting-traditional-handcrafted-chola-style-murti-gold-8-inch-1-piece,html,YES,FOUND,
BHU5261A,1,1,"Ganesha Brass Ganesha Ganapati Vinayaka Idol for Pooja Home Decor Gifting, Traditional Handcrafted Chola Murti, Gold, 3 Inch, 1 Piece",1599,1899,true,,,https://bhunes.com/products/ganesha-brass-ganesha-ganapati-vinayaka-idol-for-pooja-home-decor-gifting-traditional-handcrafted-chola-murti,html,,FOUND,
BHU5267A,1,1,"Brass Kettle Peetal Tea Pot Handcrafted Traditional Chola Style Pooja Home Decor Gifting Vessel, Gold, 6.5 Inch, 1 Piece",2099,2499,true,3,YES,https://bhunes.com/products/brass-kettle-peetal-tea-pot-handcrafted-traditional-chola-style-pooja-home-decor-gifting-vessel-gold-6-5-inch-1-piece,html,,FOUND,
BHU5300A,1,1,"Handcrafted Brass Two Cats Sculpture, Traditional Cat Statue for Home Decor, Vastu, Gifting & Collectibles, Gold, 3.5 Inch, 1 Piece",6719,7999,true,3,YES,https://bhunes.com/products/handcrafted-brass-two-cats-sculpture-traditional-cat-statue-for-home-decor-vastu-gifting-collectibles-gold-3-5-inch-1-piece,html,,FOUND,
BHU5301A,1,1,"Handcrafted Brass Single Cat Murti Vigraha, Traditional Chola Style Sculpture for Home Decor, Vastu & Gifting, Gold, 3 Inch, 1 Piece",3529,4199,true,3,YES,https://bhunes.com/products/handcrafted-brass-single-cat-murti-vigraha-traditional-chola-style-sculpture-for-home-decor-vastu-gifting-gold-3-inch-1-piece,html,YES,FOUND,
BHU5302A,1,1,"Handcrafted Brass Cat Idol, Lucky Vastu Cat Figurine for Home Decor, Spiritual Gifting & Luxury Display, Black, 8 Inch, 1 Piece",5539,6599,true,1,YES,https://bhunes.com/products/handcrafted-brass-cat-idol-lucky-vastu-cat-figurine-for-home-decor-spiritual-gifting-luxury-display-black-8-inch-1-piece,html,,FOUND,
BHU5315A,1,1,"Vintage Brass Lota Kalash Jal Patra for Pooja, Handcrafted Traditional Chola Ritual Water Vessel Gift Decor, Gold, 5 Inch, 1 Piece",2939,3499,true,2,YES,https://bhunes.com/products/vintage-brass-lota-kalash-jal-patra-for-pooja-handcrafted-traditional-chola-ritual-water-vessel-gift-decor-gold-5-inch-1-piece,html,,FOUND,
BHU5376A,1,1,"Brass Kartikeya Idol Handcrafted Murugan Subrahmanya Skanda Murti Traditional Chola Pooja Decor Gift Statue, Gold, 1.5 Inch, 1 Piece",169,199,true,3,YES,https://bhunes.com/products/brass-kartikeya-idol-handcrafted-murugan-subrahmanya-skanda-murti-traditional-chola-pooja-decor-gift-statue-gold-1-5-inch-1-piece,html,,FOUND,
BHU5377A,1,1,"Brass Kartikeya Idol Handcrafted Murugan Subrahmanya Skanda Traditional Chola Murti for Pooja Decor & Gifting, Gold, 2.5 Inch, 1 Piece",589,699,true,3,YES,https://bhunes.com/products/brass-kartikeya-idol-handcrafted-murugan-subrahmanya-skanda-traditional-chola-murti-for-pooja-decor-gifting-gold-2-5-inch-1-piece,html,,FOUND,
BHU5386A,1,1,"Brass Ganapati Vinayaka Idol Handcrafted Traditional Takiya Ganesha Murti for Pooja Home Decor & Gifting, Gold, 4 Inch, 1 Piece",1509,1799,true,4,YES,https://bhunes.com/products/brass-ganapati-vinayaka-idol-handcrafted-traditional-takiya-ganesha-murti-for-pooja-home-decor-gifting-gold-4-inch-1-piece,html,,FOUND,
BHU5388A,1,1,"Brass Long Neck Ganesh Idol, Handcrafted Traditional Ganapati Vinayaka Murti for Pooja, Home Decor & Gifting, Gold, 3 Inch, 1 Piece",1599,1899,true,4,YES,https://bhunes.com/products/brass-long-neck-ganesh-idol-handcrafted-traditional-ganapati-vinayaka-murti-for-pooja-home-decor-gifting-gold-3-inch-1-piece,html,,FOUND,
BHU5391A,1,1,"Brass Ganapati Ganesha Idol Handcrafted Traditional Chola Style Murti for Pooja Home Decor & Gifting, Gold, 3 Inch, 1 Piece",1509,1799,true,4,YES,https://bhunes.com/products/brass-ganapati-ganesha-idol-handcrafted-traditional-chola-style-murti-for-pooja-home-decor-gifting-gold-3-inch-1-piece,html,,FOUND,
BHU5392A,1,1,"Brass Ganapati Idol Handcrafted Traditional Chola Style Ganesha Murti for Pooja Home Decor Spiritual Gifting, Gold, 4.5 Inch, 1 Piece",2019,2399,true,4,YES,https://bhunes.com/products/brass-ganapati-idol-handcrafted-traditional-chola-style-ganesha-murti-for-pooja-home-decor-spiritual-gifting-gold-4-5-inch-1-piece,html,,FOUND,
BHU5430A,1,1,"Brass Ganesh Idol Handcrafted Ganapati Vinayaka Murti Traditional Chola Style for Pooja Home Decor & Gifting, Gold, 10 Inch, 1 Piece",13519,16099,true,1,YES,https://bhunes.com/products/brass-ganesh-idol-handcrafted-ganapati-vinayaka-murti-traditional-chola-style-for-pooja-home-decor-gifting-gold-10-inch-1-piece,html,,FOUND,
BHU5437A,1,1,"Brass Ganesh Idol Ganapati Vinayaka Murti Handcrafted Traditional Chola Style for Pooja Home Decor & Gifting, Gold, 6.5 Inch, 1 Piece",4789,5699,true,2,YES,https://bhunes.com/products/brass-ganesh-idol-ganapati-vinayaka-murti-handcrafted-traditional-chola-style-for-pooja-home-decor-gifting-gold-6-5-inch-1-piece,html,,FOUND,
BHU5462A,1,1,"Brass Ganesha Ganapati Vinayaka Idol, Handcrafted Traditional Chola Murti for Pooja Decor & Gifting, Gold, 13 Inch, 1 Piece",23689,28199,true,2,YES,https://bhunes.com/products/brass-ganesha-ganapati-vinayaka-idol-handcrafted-traditional-chola-murti-for-pooja-decor-gifting-gold-13-inch-1-piece,html,,FOUND,
BHU5479A,1,1,"Brass Ganesha Ganapati Vinayaka Idol for Pooja, Home Decor & Gifting Handcrafted Traditional Chola Murti, Gold, 9 Inch, 1 Piece",7899,9399,true,1,YES,https://bhunes.com/products/brass-ganesha-ganapati-vinayaka-idol-for-pooja-home-decor-gifting-handcrafted-traditional-chola-murti-gold-9-inch-1-piece,html,,FOUND,
BHU5487A,1,1,"Brass Ganesh Ganapati Vinayaka Idol for Pooja, Home Decor & Gifting, Handcrafted Traditional Chola Statue, Gold, 21 Inch, 1 Piece",60729,72299,true,2,YES,https://bhunes.com/products/brass-ganesh-ganapati-vinayaka-idol-for-pooja-home-decor-gifting-handcrafted-traditional-chola-statue-gold-21-inch-1-piece,html,,FOUND,
BHU548A,0,,,,,,,,https://bhunes.com/search?options%5Bprefix%5D=last&q=BHU548A,html,,NOT FOUND,
BHU557A,1,1,"Bhunes Handmade Brass Prabhavali Frame Arch – Traditional Prabhawali Wall Hanging for Temple & Home Decor | Prabhaval Backplate for Deity Idol with Aura Design, Gold, 9 Inch, 1 Piece",2939,3499,true,,,https://bhunes.com/products/handmade-brass-prabhavali-frame-arch-traditional-prabhawali-wall-hanging-for-temple,html,,FOUND,
BHU558A,1,1,"Bhunes Brass Prabhavali Arch Frame – Wall Hanging Kirtimukha Prabhawali | Traditional Pooja Temple Decor | Prabhaval for Home & Deity Idol Backdrop, Gold, 8 Inch, 1 Piece",2019,2399,true,,,https://bhunes.com/products/brass-prabhavali-arch-frame-wall-hanging-kirtimukha-prabhawali,html,,FOUND,
BHU559A,1,1,"Brass Prabhavali Arch Frame for Deity, Wall Hanging Temple Decor | Traditional Prabhawali Prabhaval Kirtimukha for Mandir & Home Pooja, Gold, 9 Inch, 1 Piece",2019,2399,true,,,https://bhunes.com/products/brass-prabhavali-arch-frame-for-deity-wall-hanging-temple-decor,html,YES,FOUND,
BHU597A,1,1,"Brass Prabhavali Arch, Traditional Wall Hanging Prabhawali for Deity, Mandir Decor & Home Temple | Prabhawal Frame with Kirtimukha & Makara Torana Design, Gold, 11.5 Inch, 1 Piece",2269,2699,true,,,https://bhunes.com/products/brass-prabhavali-with-sheshnag-arch-traditional-wall-hanging-prabhawali-for-deity-mandir-decor,html,,FOUND,
BHU598A,1,1,"Bhunes Brass Prabhavali with Sheshnag, Traditional Arch Frame Wall Hanging for Temple, Pooja Mandir, God Idol Backdrop, Prabhawal Decor for Home, Gold, 11.5 Inch, 1 Piece",3859,4599,true,,,https://bhunes.com/products/brass-prabhavali-with-sheshnag-traditional-arch-frame-wall-hanging,html,,FOUND,
BHU605A,1,1,"Bhunes Brass Prabhavali with Sheshnag – Traditional Arch Frame Wall Hanging for Temple, Pooja Mandir, God Idol Frame, Prabhawal Decor, Gold, 7.5 Inch, 1 Piece",2439,2899,true,,,https://bhunes.com/products/brass-prabhavali-with-sheshnag-traditional-arch-frame-wall-hanging-for-temple,html,,FOUND,
BHU606A,1,1,"Brass Sheshnag Shaped Prabhavali Arch Wall Hanging, Snake Prabhawali for Temple, Home Decor, and Deity Backdrop | Brass Prabhaval for Pooja Mandir, Gold, 10.5 Inch, 1 Piece",2939,3499,true,,,https://bhunes.com/products/brass-sheshnag-shaped-prabhavali-arch-wall-hanging,html,,FOUND,
BHU607A,1,1,"Bhunes Brass Arch Prabhavali Frame Wall Hanging – Prabhawali Prabhaval for Deity | Temple Home Decor Backplate for God Idol | Traditional Pooja Aura Arch, Gold, 8 Inch, 1 Piece",1429,1699,true,,,https://bhunes.com/products/brass-arch-prabhavali-frame-wall-hanging-prabhawali-prabhaval-for-deity,html,,FOUND,
BHU608A,1,1,"Bhunes Brass Prabhavali with Sheshnag Frame – Traditional Temple Arch Wall Hanging for Deity | Prabhawal Prabhawali Prabhaval for Mandir & Home Decor, Gold, 11.5 Inch, 1 Piece",3279,3899,true,,,https://bhunes.com/products/brass-prabhavali-with-sheshnag-frame-traditional-temple-arch-wall-hanging-for-deity,html,,FOUND,
BHU610A,1,1,"Bhunes Small Brass Prabhavali Arch Frame – Wall Hanging Prabhawali for Temple, Home Decor & Deity Backdrop | Traditional Prabhaval for Pooja Mandir, Gold, 5.5 Inch, 1 Piece",1009,1199,true,,,https://bhunes.com/products/small-brass-prabhavali-arch-frame-wall-hanging-prabhawali-for-temple,html,,FOUND,
BHU612A,1,1,"Bhunes Brass Handmade Prabhavali Frame With multiple deities Arch Wall Hanging Prabhawal For Temple Home Decor Prabhawali For Diety Prabhaval, Gold, 8.5 Inch, 1 Piece",1599,1899,true,,,https://bhunes.com/products/brass-handmade-prabhavali-frame-with-multiple-deities-arch-wall-hanging-prabhawal,html,,FOUND,
BHU613A,1,1,"Brass Handcrafted Prabhavali Frame with Dwarpal – Wall Hanging Arch for Home Temple Decor, Prabhawali for Deity, Traditional Prabhaval Backdrop, Gold, 11 Inch, 1 Piece",3609,4299,true,,,https://bhunes.com/products/brass-handcrafted-prabhavali-frame-with-dwarpal-wall-hanging-arch,html,,FOUND,
BHU614A,1,1,"Bhunes Brass Handcrafted Prabhavali Arch Frame – Temple Wall Hanging with Kirtimukha for Deities | Traditional Brass Backdrop for Home Mandir Decor, Gold, 13 Inch, 1 Piece",3439,4099,true,,,https://bhunes.com/products/brass-handcrafted-prabhavali-arch-frame-temple-wall-hanging-with-kirtimukha-for-deities,html,,FOUND,
BHU615A,1,1,"Bhunes Brass Traditional Prabhavali Arch Frame – Wall Hanging Prabhawali for Home Temple & Deity Backdrop | Prabhaval Decor for Pooja Room, Gold, 10.5 Inch, 1 Piece",1849,2199,true,,,https://bhunes.com/products/brass-traditional-prabhavali-arch-frame-wall-hanging-prabhawali-for-home-temple,html,,FOUND,
BHU616A,1,1,"Bhunes Brass Prabhavali Arch Wall Hanging – Prabhawali Frame for Temple, Home Decor & Deity | Traditional Prabhaval with Aura Backplate for Mandir & Pooja Room, Gold, 6 Inch, 1 Piece",1849,2199,true,1,YES,https://bhunes.com/products/brass-prabhavali-arch-wall-hanging-prabhawali-frame-for-temple,html,,FOUND,
BHU617A,1,1,"Bhunes Brass Handcrafted Prabhavali Frame with Two Dwarpal – Wall Hanging Arch for Temple & Home Decor | Prabhawali Backdrop for Deity, Mandir & Spiritual Pooja, Gold, 8.5 Inch, 1 Piece",2019,2399,true,,,https://bhunes.com/products/brass-handcrafted-prabhavali-frame-with-two-dwarpal,html,,FOUND,
BHU618A,1,1,"Traditional Brass Prabhavali Arch Frame | Tiruvasi Prabhamandala Prabhavalli Deity Backplate for Pooja Room & Temple Decor,Gold, 11 Inch, 1 Piece",1599,1899,true,2,YES,https://bhunes.com/products/brass-frame-arch-prabhavali-wall-hanging-prabhawal-for-temple-home,html,,FOUND,
BHU619A,1,1,"Brass Prabhavali Frame, Traditional Prabhawali Arch Wall Hanging for Temple, Mandir & Home Decor, Kirtimukha For Diety Prabhaval,Gold, 9 Inch, 1 Piece",1759,2099,true,,,https://bhunes.com/products/brass-prabhavali-frame-traditional-prabhawali-arch-wall-hanging,html,,FOUND,
BHU620A,1,1,"Brass Prabhavali with Yali Arch, Wall Hanging Prabhawali Backplate for Temple & Home Decor, Prabhaval Frame for Deity Idol, Gold, 10 Inch, 1 Piece",2689,3199,true,,,https://bhunes.com/products/brass-prabhavali-with-yali-arch-wall-hanging-prabhawali-backplate,html,,FOUND,
BHU621A,1,1,"Bhunes Handcrafted Brass Prabhavali Arch Frame – Wall Hanging Prabhawali for Temple, Home Decor, Small Deities, Prabhaval Backdrop, Gold, 7.5 Inch, 1 Piece",,,false,,,https://bhunes.com/products/handcrafted-brass-prabhavali-arch-frame,html,,FOUND,
BHU622A,1,1,"Brass Chowki Peetha, Peetal Bajot Pitala Peetha Pittal Puja Platform, Temple Devghar Chowki for Puja Mandir Home Decor,Gold, 5 Inch, 1 Piece",9159,10899,true,1,YES,https://bhunes.com/products/brass-chowki-peetha-peetal-bajot-pitala-peetha-pittal-puja-platform-temple-devghar-chowki-for-puja-mandir-home-decor,html,,FOUND,
BHU810A,1,1,"Handcrafted Brass Prabhavali Arch Frame | Prabhavalli Prabhamandala Tiruvasi Thiruvasi Backplate for Deity Idol, Pooja Room & Temple Decor,Gold, 14 Inch, 1 Piece",,,false,,,https://bhunes.com/products/brass-prabhavali-frame-arch-wall-hanging-prabhawali-for-diety,html,,FOUND,
BHU812A,1,1,"Handcrafted Brass Prabhavali Frame for Deity Idols, Traditional Temple Arch Prabhamandala Tiruvasi Backplate For Pooja Decor, Gold, 7 Inch, 1 Piece",1509,1799,true,,,https://bhunes.com/products/handmade-brass-prabhavali-frame,html,,FOUND,
BHU814A,1,1,"Handcrafted Brass Prabhavali Aura Frame for Deity Idol, Prabhamandala Tiruvasi Thiruvachi Makara Torana Kirtimukha Arch | Traditional Temple Backplate for Home Mandir & Pooja Decor, Gold, 7 Inch, 1 Piece",1009,1199,true,,,https://bhunes.com/products/traditional-brass-prabhavali-small-for-home-temple-decor,html,,FOUND,
BHU928A,1,1,"Brass Nandi Idol | Vrishabha Murti | Basava Bull God Statue | Mahisha & Rishabha Murti | Handcrafted Peetal / Ashtadhatu Sculpture,Gold, 4.5 Inch, 1 Piece",4029,4799,true,1,YES,https://bhunes.com/products/brass-nandi-idol-vrishabha-murti-basava-bull-god-statue,html,,FOUND,
BHU953A,1,1,"Brass Hand Craved Prabhavali Frame Arch Wall Hanging Prabhawal With Birds And Flowers,Gold, 14 Inch, 1 Piece",4279,5099,true,2,YES,https://bhunes.com/products/brass-hand-craved-prabhavali-frame-arch-wall-hanging-prabhawal,html,,FOUND,
BHU954A,1,1,"Bhunes Handcrafted Brass Prabhavali Arch Frame for Idols – Traditional Temple Backdrop, Wall Hanging, Decorative Aura Halo, Mandir Pooja Decor, Gold, 8 Inch, 1 Piece",3859,4599,true,,,https://bhunes.com/products/handcrafted-brass-prabhavali-arch-frame-for-idols,html,,FOUND,
BHU955A,1,1,"Handmade Brass Pooja Chowki, Traditional Peetha Singhasan Base for Idols & Kalash, Decorative Aasan for Mandir, Home & Temple Use, Gold, 1 Inch, 1 Piece",1089,1299,true,,,https://bhunes.com/products/handmade-brass-pooja-chowki-traditional-peetha-singhasan-base-for-idols-kalash,html,,FOUND,
BHU956A,1,1,"Brass Pooja Chowki, Handcrafted Traditional Peetham, Sinhasan Bajot for Mandir, Temple & Home Décor, Gold, 1 Inch, 1 Piece",1759,2099,true,,,https://bhunes.com/products/brass-pooja-chowki-handcrafted-traditional-peetham,html,,FOUND,
BHUBHU1224,0,,,,,,,,https://bhunes.com/search?options%5Bprefix%5D=last&q=BHUBHU1224,html,,NOT FOUND,
Bhune_TB121,0,,,,,,,,https://bhunes.com/search?options%5Bprefix%5D=last&q=Bhune_TB121,html,,NOT FOUND,
Bhune_TB123,0,,,,,,,,https://bhunes.com/search?options%5Bprefix%5D=last&q=Bhune_TB123,html,,NOT FOUND,
Bhune_TB126,0,,,,,,,,https://bhunes.com/search?options%5Bprefix%5D=last&q=Bhune_TB126,html,,NOT FOUND,
Bhune_TB128,0,,,,,,,,https://bhunes.com/search?options%5Bprefix%5D=last&q=Bhune_TB128,html,,NOT FOUND,
Bhune_TB176,0,,,,,,,,https://bhunes.com/search?options%5Bprefix%5D=last&q=Bhune_TB176,html,,NOT FOUND,
Bhunes1431,1,1,"Brass Ox Idol | Nandi Statue | Vrishabha Showpiece | Kamadhenu Bull Figurine | Peetal & Ashtadhatu Decorative Sculpture, Gold, 5.5 Inch, 1 Piece",3019,3599,true,1,YES,https://bhunes.com/products/brass-ox-idol-nandi-statue-vrishabha-showpiece,html,,FOUND,
BHU4204A,1,1,"Brass Dorje Vajra Idol, Tibetan Thunderbolt Scepter, Buddhist Ritual Vajrayudha Sculpture for Puja, Meditation & Decor, Gold, 5.5 Inch",919,1099,true,,,https://bhunes.com/products/brass-dorje-vajra-idol-tibetan-thunderbolt-scepter,html,,FOUND,
BHU3691A,1,1,"Brass Lotus Shaped Pooja Chowki for Kalash and Deity, Traditional Brass Pooja Aasan, Devotional Lotus Platform, Mandir Stand, Home Decor, Gold, 1.5 Inch, 1 Piece",,,false,,,https://bhunes.com/products/brass-lotus-shaped-pooja-chowki-for-kalash-and-deity,html,,FOUND,
BHU1778A,1,1,"Bhunes Brass Parvati Mata Murti | Parvathi Devi Statue | Adi Parashakti Brass Idol | Goddess Parvati Statue | Parwathi Brass Figurine, Gold, 6 Inch, 1 Piece",1849,2199,true,,,https://bhunes.com/products/brass-parvati-mata-murti-parvathi-devi-statue,html,,FOUND,
BHU4190A,1,1,"Brass Parashu Dorje Axe Sculpture, Hindu Buddhist Shakti Parshu Vajra, Peetal Parashuram Ritual Weapon Sculpture for Home Temple & Pooja Decor, Gold, 8 Inch",2769,3299,true,,,https://bhunes.com/products/brass-parashu-dorje-axe-idol,html,,FOUND,
BHU3180A,1,1,"Bhunes Brass Chowki with Prabhavali Peetha for Temple, Singhasan Pooja Stand, Peetham Bajot for Mandir, Deity Platform, Home Decor, Gold, 8.5 Inch, 1 Piece",4789,5699,true,,,https://bhunes.com/products/brass-chowki-with-prabhavali-peetha-for-temple,html,,FOUND,
BHU3048A,0,,,,,,,,https://bhunes.com/search?options%5Bprefix%5D=last&q=BHU3048A,html,,NOT FOUND,
BHU3020A,1,1,"Brass Chowki with Prabhavali – Temple Deity Stand Singhasan Bajot for Idol | Peetha with Arch for Puja Mandir, Poja Aasan for God, Brass Deity Platform, Gold, 14.5 Inch, 1 Piece",9159,10899,true,,,https://bhunes.com/products/brass-chowki-with-prabhavali-temple-deity-stand-singhasan-bajot-for-idol,html,,FOUND,
BHU2663A,1,1,"Bhunes Brass Lotus Shaped Pooja Kalash Chowki, Handmade Temple Bajot, Kamal Peetha, Singhasan Stand for Deity, Mandir, Home Decor, Gold, 2.5 Inch, 1 Piece",5629,6699,true,,,https://bhunes.com/products/brass-lotus-shaped-pooja-kalash-chowki,html,,FOUND,
BHU2662A,1,1,"Bhunes Brass Sheshnag Singhasan, Seven Head Snake Prabhavali Chowki, Peetha for Temple, Puja Mandir Bajot Stand,Gold, 7 Inch, 1 Piece",3359,3999,true,,,https://bhunes.com/products/brass-sheshnag-singhasan-seven-head-snake,html,,FOUND,
BHU2576A,3,1,"Brass Pooja Chowki with Prabhavali, Handcrafted Singhasan Peeta Bajot for Deities, Mandir, and Home Temple Decor, Gold, 7 Inch, 1 Piece",2349,2799,true,,,https://bhunes.com/products/brass-pooja-chowki-with-prabhavali-handcrafted-singhasan-peeta-bajot,html,,FOUND,
BHU2576A,3,2,"Handcrafted Brass Annapurna Devi Idol, Annapurneshwari Anna Lakshmi Mata Murti, Kashi Annapoorna Amman Sculpture for Pooja, Home & Temple Decor,Gold, 7 Inch, 1 Piece",5629,6699,true,,,https://bhunes.com/products/handcrafted-brass-annapurna-devi-idol-annapurneshwari-anna-lakshmi-mata-murti-kashi-annapoorna-amman-sculpture,html,,FOUND,
BHU2576A,3,3,"Brass Ayyanar Shasta Idol with Prabhavali & Peetam, Tamil Village Guardian Deity, Dharma Shasta Silai, Sastha Aiyanar Statue,Gold, 7 Inch, 1 Piece",3359,3999,true,,,https://bhunes.com/products/brass-ayyanar-shasta-idol-with-prabhavali-peetam-tamil-village-guardian-deity-dharma-shasta-silai-sastha-aiyanar-statue,html,,FOUND,
BHU3188A,1,1,"Bhunes Brass Lotus Shaped Pooja Chowki, Kamal Base for Kalash, Deity Platform, Puja Singhasan Peetha for Idols, Mandir Bajot Stand, Traditional Handcrafted Worship Table, Gold, 3 Inch, 1 Piece",6299,7499,true,,,https://bhunes.com/products/brass-lotus-shaped-pooja-chowki-kamal-base-for-kalash,html,,FOUND,
BHU3209A,1,1,"Bhunes Brass Lotus Shaped Pooja Chowki for Kalash, Deity Idol Stand, Mandir Platform, Kamal Peetha Singhasan, Traditional Pital Bajot Aasan for Temples & Home Decor,Gold, 3.5 Inch, 1 Piece",4119,4899,true,,,https://bhunes.com/products/brass-lotus-shaped-pooja-chowki-for-kalash-deity-idol-stand,html,,FOUND,
BHU3301A,1,1,"Brass Deity Stand with Prabhavali and Chowki, Handcrafted Pooja Peeth, Singhasan Bajot for Mandir, Temple Platform for Idol, Gold, 11 Inch, 1 Piece",4279,5099,true,,,https://bhunes.com/products/brass-deity-stand-with-prabhavali-chowki-handcrafted-pooja-peeth,html,,FOUND,
BHU3310A,1,1,"Brass Deity Stand with Prabhavali, Handcrafted Chowki Peetha Singhasan for Temple & Puja Room Decor, Gold, 13 Inch, 1 Piece",9829,11699,true,,,https://bhunes.com/products/brass-deity-stand-with-prabhavali-handcrafted-chowki-peetha-singhasan,html,,FOUND,
BHU1516A,1,1,"Brass Chowki Bajot Peetha Aasan for Pooja, Handmade Singhasan Stand for Kalash, Deity, Idols, Traditional Mandir Pedestal Platform for Temple & Home Decor, Gold, 1.5 Inch, 1 Piece",2769,3299,true,,,https://bhunes.com/products/brass-chowki-bajot-peetha-aasan-for-pooja,html,,FOUND,
BHU1766A,1,1,"Bhunes Brass Deity Stand with Prabhavali and Chowki, Handcrafted Big Singhasan Peetha for God Idols & Mandir Setup, Gold, 17.5 Inch, 1 Piece",13189,15699,true,,,https://bhunes.com/products/brass-deity-stand-with-prabhavali-and-chowki-handcrafted-big-singhasan,html,,FOUND,
BHU1768A,1,1,"Bhunes Brass Prabhavali Arch Frame for Two Deities – Traditional Wall Hanging Prabhawali | Prabhaval for Temple, Mandir & Home Decor, Gold, 6 Inch, 1 Piece",1089,1299,true,,,https://bhunes.com/products/brass-prabhavali-arch-frame-for-two-deities,html,,FOUND,
BHU1767A,2,1,"Bhunes Brass Deity Singhasan with Prabhavali and Chowki, Handcrafted Temple Bajot for Idols & Pooja Room, Gold, 7 Inch, 1 Piece",5629,6699,true,,,https://bhunes.com/products/brass-deity-singhasan-with-prabhavali-and-chowki,html,,FOUND,
BHU1767A,2,2,"Bhunes Brass Prabhavali Arch Frame for Three Deities – Kirtimukha Tiruvachi Prabhawali Wall Hanging for Temple & Home Decor | Prabhaval Backdrop for Idols, Gold, 6.5 Inch, 1 Piece",1849,2199,true,,,https://bhunes.com/products/brass-prabhavali-arch-frame-for-three-deities,html,,FOUND,
BHU3179A_BHU3182A,1,1,"Brass Pooja Chowki with Prabhavali and Yali, Handmade Peetha Singhasan Bajot for Temple Decor, Gold, 11 Inch, 1 Piece",8899,10599,true,,,https://bhunes.com/products/brass-pooja-chowki-with-prabhavali-and-yali,html,YES,FOUND,
BHU1920A,1,1,"Brass Chowki with Prabhavali, Singhasan with Arch, Peetha Bajot Deity Platform for Temple Pooja Mandir, Gold, 7 Inch, 1 Piece",1849,2199,true,5,YES,https://bhunes.com/products/brass-chowki-with-prabhavali-singhasan-with-arch,html,,FOUND,
BHU1999A,2,1,"Brass Handcrafted Pooja Chowki with Prabhavali, Heavy Singhasan Peetha for Deity, Temple Bajot, Mandir Throne Stand, Gold, 14 Inch, 1 Piece",12849,15299,true,,,https://bhunes.com/products/brass-handcrafted-pooja-chowki-with-prabhavali-heavy-singhasan,html,,FOUND,
BHU1999A,2,2,"Bhunes Brass Prabhavali Frame Arch Wall Hanging - Big Prabhawal for Temple & Home Decor, Prabhawali for Deity, Prabhaval for Home Temple, Traditional Brass Arch Frame, Gold, 12 Inch, 1 Piece",5119,6099,true,,,https://bhunes.com/products/brass-prabhavali-frame-arch-wall-hanging-big-prabhawal,html,,FOUND,
BHU906A,1,1,"Brass Snake Shaped Pooja Chowki for Shiva Linga & Shaligram, Handmade Naga Singhasan, Peetha, Shinghashan Stand for Temple & Home Mandir, Gold, 7 Inch, 1 Piece",2019,2399,true,,,https://bhunes.com/products/brass-snake-shaped-pooja-chowki-for-shiva-linga-shaligram,html,,FOUND,
BHU1057A,1,1,"Brass Shinghashan with Prabhavali, Handcrafted Pooja Chowki, Peetha for Deity Idol, Temple Bajot with Frame And Umbrella, Gold, 8 Inch, 1 Piece",2269,2699,true,,,https://bhunes.com/products/brass-shinghashan-with-prabhavali-handcrafted-pooja-chowki,html,YES,FOUND,
BHU1351A,1,1,"Bhunes Brass Deity Stand with Prabhavali and Chowki, Handcrafted Pooja Bajot Singhasan for Idols & Temples, Gold, 7.5 Inch, 1 Piece",,,false,,,https://bhunes.com/products/brass-deity-stand-with-prabhavali-and-chowki,html,,FOUND,
BHU1513A,2,1,"Handcrafted Brass Pooja Chowki Peeth Bajot Singhasan, Puja Peetam Pat Aasan Platform for Home Mandir Temple Rituals,Gold, 2 Inch, 1 Piece",,,false,,,https://bhunes.com/products/bhunes-brass-peetha-for-idols-chowki-bajot-aasan-stand-for-poja-chowkis-for-gods-and-temples-puja-shinghashan-for-kalash-deity-singhasangold-2-inch-1-piece,html,YES,FOUND,
BHU1513A,2,2,"Traditional Brass Pooja Chowki, Puja Peeth Peetha Sinhasan Bajot Chowki, Handcrafted Brass Puja Pat Patta Platform for Home Mandir & Temple Decor,Gold, 9 Inch, 1 Piece",,,false,,,https://bhunes.com/products/bhunes-brass-shinghashan-with-prabhavali-for-god-chowki-peetha-peeta-peetalu-peetham-bajot-for-temple-sinhasan-with-frame-prabhaval-pooja-mandir-prabhawali-standgold-9-inch-1-piece,html,YES,FOUND,
BHU1753A_BHU1763A,1,1,"Handcrafted Brass Pooja Chowki Peetha Bajot Sinhasan, Puja Pat Peetam Aasan Mandap Platform for Home Mandir & Temple Decor,Gold, 9 Inch, 1 Piece",6379,7599,true,,,https://bhunes.com/products/bhunes-brass-lotus-shaped-kamal-shinghashan-chowki-kamal-peetha-with-prabhavali-for-god-peeta-peetalu-peetham-bajot-for-temple-sinhasan-with-frame-prabhaval-pooja-mandir-prabhawali-standgold-9-inch,html,YES,FOUND,
BHU1788A,2,1,"Handcrafted Brass Pooja Chowki with Prabhavali, Traditional Mandapam Singhasan Peetha Bajot Patta for Home Mandir & Temple Decor, Gold, 7 Inch, 1 Piece",3439,4099,true,,,https://bhunes.com/products/brass-shinghashan-peetha-chowki-with-prabhavali,html,,FOUND,
BHU1788A,2,2,"Brass Aiyanar Idol with Peetam & Prabhavali , Tamil Village Guardian God, Ayyanar Shasta Dharma Sastha Kuladeivam Kaaval Deivam Sculpture, Gold, 7 Inch, 1 Piece",4789,5699,true,,,https://bhunes.com/products/brass-aiyanar-idol-with-peetam-prabhavali-tamil-village-guardian-god-ayyanar-shasta-dharma-sastha-kuladeivam-kaaval-deivam-sculpture,html,,FOUND,
BHU1789A,1,1,"Brass Shinghashan with Prabhavali, Handmade Deities Chowki Peetha Peeta Peetham Bajot for Temple Sinhasan, Pooja Mandir Stand with Decorative Frame, Gold, 10.5 Inch, 1 Piece",4619,5499,true,2,YES,https://bhunes.com/products/brass-shinghashan-with-prabhavali-handmade-deities-chowki,html,,FOUND,
BHU1927A,1,1,"Bhunes Brass Deity Stand with Prabhavali & Chowki | Singhasan Peeth for Idols, Mandir & Pooja Room, Gold, 8 Inch, 1 Piece",3359,3999,true,,,https://bhunes.com/products/brass-deity-stand-with-prabhavali-chowki,html,,FOUND,
BHU2135A,0,,,,,,,,https://bhunes.com/search?options%5Bprefix%5D=last&q=BHU2135A,html,,NOT FOUND,
BHU3563A,1,1,"Bhunes Brass Chowki with Prabhavali, Deity Singhasan with Arch, Handmade Brass Peetha Bajot for Temple, Pooja Mandir & Home Decor, Gold, 10 Inch, 1 Piece",4119,4899,true,,,https://bhunes.com/products/brass-chowki-with-prabhavali-deity-singhasan-with-arch,html,,FOUND,
BHU1783A,1,1,"Brass Yali Stand Peetha, Vyala Lion Singhasan Chowki, Traditional Peetal Pittal Yali Pooja Pedestal, Dravidian Temple Yali Idol Base for Mandir Decor, Gold, 9.5 Inch, 1 Piece",3359,3999,true,,,https://bhunes.com/products/brass-yali-stand-peetha-vyala-lion-singhasan-chowki-traditional-peetal-pittal-yali-pooja-pedestal-dravidian-temple-yali-idol-base-for-mandir-decor-gold-9-5-inch-1-piece,html,YES,FOUND,
BHU1344AB,1,1,"Brass Shinghashan with Prabhavali, Handmade Small Pooja Chowki, Peetha Bajot Stand for Temple, Mandir Deity Platform, Prabhaval Frame, Gold, 8 Inch, 1 Piece",,,false,,,https://bhunes.com/products/brass-shinghashan-with-prabhavali-handmade-small-pooja-chowki,html,YES,FOUND,
BHU1044A,1,1,"Bhunes Brass Pooja Mandir Temple, Handmade Mandap Peetha Peeta Peetham Chowki for Home, Office, Mandapam, Decor, and Gifting, Gold, 13 Inch, 1 Piece",10159,12099,true,3,YES,https://bhunes.com/products/brass-pooja-mandir-temple-handmade-mandap,html,YES,FOUND,
BHU1346A,1,1,"Brass Chowki With Prabhavali, Shinghashan With Arch, Deity Stand Peetha Singhasan Bajot For Temple & Puja Mandir, Gold, 11.5 Inch, 1 Piece",,,false,,,https://bhunes.com/products/brass-chowki-with-prabhavali-shinghashan-with-arch,html,,FOUND,
BHU1352A,1,1,"Brass Pooja Chowki with Prabhavali, Small Singhasan Stand for God Idols, Handmade Peetha Bajot for Mandir, Temple Prabhaval Frame, Gold, 8 Inch, 1 Piece",,,false,,,https://bhunes.com/products/brass-pooja-chowki-with-prabhavali-small-singhasan,html,YES,FOUND,
BHU1349A,1,1,"Brass Peeta With Prabhavali, Pitala Peetham Arch Stand for Hindu Deity, Murugan Lakshmi Saraswati Vishnu Puja Chowki,Gold, 8 Inch, 1 Piece",,,false,,,https://bhunes.com/products/brass-peeta-with-prabhavali-pitala-peetham-arch-stand-for-hindu-deity-murugan-lakshmi-saraswati-vishnu-puja-chowki,html,YES,FOUND,
BHU1512A,1,1,"Bhunes Brass Lotus Shaped Pooja Chowki for Kalash, Kamal Bajot Peetha, Puja Aasan Peetham, Deity Platform Singhasan, Mandir Temple Stand for Idols, Home Decor, Gift, Gold, 3 Inch, 1 Piece",5879,6999,true,,,https://bhunes.com/products/brass-lotus-shaped-pooja-chowki-for-kalash-kamal-bajot-peetha,html,,FOUND,
BHU3031A,1,1,"Bhunes Brass Lotus Shaped Pooja Chowki for Kalash and Deity, Handcrafted Mandir Bajot, Big Kamal Sinhasan Stand, Devotional Brass Platform for Temple, Home Decor, Rituals, Gold, 3 Inch, 1 Piece",11259,13399,true,,,https://bhunes.com/products/brass-lotus-shaped-pooja-chowki-for-kalash-and-deity-handcrafted-mandir-bajot,html,YES,FOUND,
BHU2905A,0,,,,,,,,https://bhunes.com/search?options%5Bprefix%5D=last&q=BHU2905A,html,,NOT FOUND,
Bhune_TB299,0,,,,,,,,https://bhunes.com/search?options%5Bprefix%5D=last&q=Bhune_TB299,html,,NOT FOUND,
BHU2583A,0,,,,,,,,https://bhunes.com/search?options%5Bprefix%5D=last&q=BHU2583A,html,,NOT FOUND,
BHU2939A,1,1,"Brass Hamsa Swan Idol – Raj Hamsa, Paramahamsa Figurine, White Swan Sculpture for Home, Temple & Spiritual Decor,Brown, 10.5 Inch, 1 Piece",7059,8399,true,1,YES,https://bhunes.com/products/brass-hamsa-swan-idol-raj-hamsa-paramahamsa-figurine,html,,FOUND,
Bhunes1021And1020,1,1,"Handcrafted Brass Giraffe Idol Pair – Peetal, Pittal, Hittale Sculpture Inspired by Navagunjara for Home, Office & Temple Decor,Gold, 15 Inch, 1 Piece",8059,9599,true,,,https://bhunes.com/products/handcrafted-brass-giraffe-idol-pair-peetal-pittal-hittale-sculpture,html,,FOUND,
BHU421A,0,,,,,,,,https://bhunes.com/search?options%5Bprefix%5D=last&q=BHU421A,html,,NOT FOUND,
BHU513A,1,1,"Handcrafted Brass Camel Showpiece | Peetal Pital Pittal Ashtadhatu Ustra Oont Idol | Traditional Vastu Feng Shui Animal Figurine for Home Decor & Gifting,Gold, 4 Inch, 1 Piece",2769,3299,true,2,YES,https://bhunes.com/products/handcrafted-brass-camel-showpiece-peetal-pital-pittal-ashtadhatu-ustra-oont-idol,html,,FOUND,
BHU2875A,0,,,,,,,,https://bhunes.com/search?options%5Bprefix%5D=last&q=BHU2875A,html,,NOT FOUND,
BHU2588A,0,,,,,,,,https://bhunes.com/search?options%5Bprefix%5D=last&q=BHU2588A,html,,NOT FOUND,
BHU2877A,1,1,"Brass Rat Idol, Mushak Murti, Mooshak Pittal Figurine, Chuha Statue for Home, Temple, Puja & Gifting,Gold, 9 Inch, 1 Piece",7899,9399,true,3,YES,https://bhunes.com/products/brass-rat-idol-mushak-murti-mooshak-pittal-figurine-chuha-statue,html,,FOUND,
BHU3182A,1,1,"Handcrafted Brass Lion Yali Prabhaval Idol, Peetal/Pittal Temple & Pooja Showpiece, Home Décor, Photo & Mirror Frame, Vastu Lucky Lion Statue,Gold, 3.5 Inch, 1 Piece",3019,3599,true,,,https://bhunes.com/products/handcrafted-brass-lion-yali-prabhaval-idol-peetal-pittal-temple-pooja-showpiece,html,,FOUND,
BHU3418A,0,,,,,,,,https://bhunes.com/search?options%5Bprefix%5D=last&q=BHU3418A,html,,NOT FOUND,
BHU3423A,1,1,"Handcrafted Brass Kamadhenu Idol, Surabhi Cow Sculpture, Divine Gomata Murti for Home, Temple, Puja & Gifting,Gold, 3.5 Inch, 1 Piece",2599,3099,true,1,YES,https://bhunes.com/products/handcrafted-brass-kamadhenu-idol,html,,FOUND,
BHU3430A,1,1,"Handmade Brass Nandi Idol – Nandikeshwara Basava Statue, Shiva’s Bull Figurine for Home, Temple & Puja Decor,Gold, 6.5 Inch, 1 Piece",7059,8399,true,2,YES,https://bhunes.com/products/handmade-brass-nandi-idol-nandikeshwara-basava-statue,html,,FOUND,
BHU3600A,0,,,,,,,,https://bhunes.com/search?options%5Bprefix%5D=last&q=BHU3600A,html,,NOT FOUND,
BHU17825A,1,1,"Brass Deer Idol Set of 2 | Mriga, Harin, Maan, Blackbuck Statues | Peetal, Pittal, Ashtadhatu Decorative Showpieces for Home & Temple, Gold, 7 Inch, 2 Piece",3279,3899,true,1,YES,https://bhunes.com/products/brass-deer-idol-set-of-2-mriga-harin-maan-blackbuck-statues,html,,FOUND,
BHU324A,1,1,"Brass Handmade Duck Idol | Mallard, Indian Runner & Domestic Duck Figurine | Pittal, Hittale, Ashtadhatu Decorative Showpiece, Gold, 10.5 Inch, 1 Piece",6129,7299,true,3,YES,https://bhunes.com/products/brass-handmade-duck-idol-mallard-indian-runner-domestic-duck-figurine,html,,FOUND,
BHU1226A,1,1,"Handcrafted Brass Owl & Birds Idol | Peetal, Pittal, Ashtadhatu Decorative Sculpture | Owl, Peafowl, Parrot Figurines for Home & Temple Decor, Gold, 9 Inch, 1 Piece",4869,5799,true,2,YES,https://bhunes.com/products/handcrafted-brass-owl-birds-idol-peetal-pittal-ashtadhatu-decorative-sculpture,html,,FOUND,
BHU1083A,1,1,"Brass Lion Scultpture | Lion Brass Statue | Lion Statues Showpieces | Bras Simha | Sher Ki Murti | India Temple Lions | Lion Statue | Set Of 2, Gold, 5 Inch, 1 Piece",3109,3699,true,5,YES,https://bhunes.com/products/brass-lion-scultpture-lion-brass-statue-lion-statues-showpieces,html,,FOUND,
Bhune_TB165,0,,,,,,,,https://bhunes.com/search?options%5Bprefix%5D=last&q=Bhune_TB165,html,,NOT FOUND,
BHU587A,1,1,"Brass Swan & Duck Card Holder, Peetal Pen Stand, Decorative Brass Desk Organizer, Handcrafted Pittal Idol, Traditional Indian Brass Sculpture, Gold, 8 Inch, 1 Piece",3439,4099,true,1,YES,https://bhunes.com/products/brass-swan-duck-card-holder-peetal-pen-stand,html,,FOUND,
BHU661A,1,1,"Premium Brass Dhoop Dani Idol, Decorative Brass Incense Burner, Dhoop Stand, Agarbatti & Loban Holder for Pooja, Meditation, Home & Temple Decor, Gold, 4 Inch, 1 Piece",4369,5199,true,1,YES,https://bhunes.com/products/premium-brass-dhoop-dani-idol-decorative-brass-incense-burner,html,,FOUND,
Bhune_TB162,0,,,,,,,,https://bhunes.com/search?options%5Bprefix%5D=last&q=Bhune_TB162,html,,NOT FOUND,
BHU1366AD,1,1,"Brass Rabbit Idol | Khargosh & Bunny Figurine | Peetal, Hittale, Ashtadhatu Showpiece for Home & Temple DecorSet Of 2, Gold, 4.5 Inch, 1 Piece",3949,4699,true,3,YES,https://bhunes.com/products/brass-rabbit-idol-khargosh-bunny-figurine,graphql,,FOUND,
BHU1366A,1,1,"Brass Rabbit Idol | Antique Khargosh & Bunny Figurine | Peetal, Pittal Showpiece for Home Decor & Temple, Gold, 4.5 Inch, 1 Piece",1929,2299,true,,,https://bhunes.com/products/brass-rabbit-idol-antique-khargosh-bunny-figurine,graphql,,FOUND,
Bhune_TB158,0,,,,,,,,https://bhunes.com/search?options%5Bprefix%5D=last&q=Bhune_TB158,html,,NOT FOUND,
Bhune_TB170,0,,,,,,,,https://bhunes.com/search?options%5Bprefix%5D=last&q=Bhune_TB170,html,,NOT FOUND,
Bhune_TB156,0,,,,,,,,https://bhunes.com/search?options%5Bprefix%5D=last&q=Bhune_TB156,html,,NOT FOUND,
BHU1238A,1,1,"Brass Owl Idol, Ullu Statue, Wisdom Bird Figurine, Peetal Pittal Owl Sitting on Tree Sculpture, Decorative Brass Collectible, Feng Shui Lucky Owl Ornament, Gold, 8 Inch, 1 Piece",2689,3199,true,1,YES,https://bhunes.com/products/brass-owl-idol-ullu-statue-wisdom-bird-figurine,html,,FOUND,
Bhune_TB153,0,,,,,,,,https://bhunes.com/search?options%5Bprefix%5D=last&q=Bhune_TB153,html,,NOT FOUND,
Bhunes1514,1,1,"Brass Deer Idol | Mriga Harin Maan Jinka Face Statue | Peetal Pittal Showpiece for Home & Temple Decor, Gold, 10 Inch, 1 Piece",3859,4599,true,1,YES,https://bhunes.com/products/brass-deer-idol-mriga-harin-maan-jinka-face-statue,html,,FOUND,
Bhunes1452,1,1,"Brass Shiva Face, Peetal Mahadev Mukha, Pital Bholenath Mask, Rudra Idol Wall Decor, Gold, 8.5 Inch, 1 Piece",2519,2999,true,2,YES,https://bhunes.com/products/brass-shiva-face-peetal-mahadev-mukha-pital-bholenath-mask-rudra-idol-wall-decor,html,,FOUND,
BHU1265A,0,,,,,,,,https://bhunes.com/search?options%5Bprefix%5D=last&q=BHU1265A,html,,NOT FOUND,
BHU1266A,1,1,"Brass Maha Kaal Bhairav Face, Peetal Shiva Mukha Wall Hanging, Pital Mahadev Mask, Rudra Bhairava Nazar Battu, Handmade Brass Bholenath Idol, Gold, 9.5 Inch, 1 Piece",3439,4099,true,,,https://bhunes.com/products/brass-maha-kaal-bhairav-face-peetal-shiva-mukha-wall-hanging-pital-mahadev-mask-rudra-bhairava-nazar-battu-handmade-brass-bholenath-idol,html,,FOUND,
BHU2596A,1,1,"Antique Brass Hanging Bell Peetal Ghanti for Temple Mandir Pooja, Pittal Pitala Ghanta Velli Mani Home Décor,Gold, 3 Inch, 1 Piece",1429,1699,true,1,YES,https://bhunes.com/products/antique-brass-hanging-bell-peetal-ghanti-for-temple-mandir-pooja-pittal-pitala-ghanta-velli-mani-home-decor,html,YES,FOUND,
Bhune_TB144,0,,,,,,,,https://bhunes.com/search?options%5Bprefix%5D=last&q=Bhune_TB144,html,,NOT FOUND,
Bhune_TB145,0,,,,,,,,https://bhunes.com/search?options%5Bprefix%5D=last&q=Bhune_TB145,html,,NOT FOUND,
Bhune_TB143,0,,,,,,,,https://bhunes.com/search?options%5Bprefix%5D=last&q=Bhune_TB143,html,,NOT FOUND,
Bhune_TB142,0,,,,,,,,https://bhunes.com/search?options%5Bprefix%5D=last&q=Bhune_TB142,html,,NOT FOUND,
BHU2222A,1,1,"Brass Tara Maa Face Idol – Ugra Tara | Neela Saraswati | Mahashakti Tara | Tarapith Shakti Moorthi for Puja, Home Temple & Spiritual Decor – 30cm,Gold, 12 Inch, 1 Piece",6219,7399,true,3,YES,https://bhunes.com/products/brass-tara-maa-face-idol,html,,FOUND,
Bhune_TB140,0,,,,,,,,https://bhunes.com/search?options%5Bprefix%5D=last&q=Bhune_TB140,html,,NOT FOUND,
BHU2994A,1,1,"Bronze Nandi Face Wall Hanging Idol | Panchaloha Basava Mukha Vrishabha Head | Handcrafted South Indian Chola Art Basaveshwara Nandikeshwara Temple Wall Décor, Gold, 14.5 Inch, 1 Piece",43599,51899,true,1,YES,https://bhunes.com/products/bronze-nandi-face-wall-hanging-idol-panchaloha-basava-mukha-vrishabha-head-handcrafted-south-indian-chola-art-basaveshwara-nandikeshwara-temple-wall-decorgold-14-5-inch-1-piece,html,,FOUND,
Bhune_TB138,0,,,,,,,,https://bhunes.com/search?options%5Bprefix%5D=last&q=Bhune_TB138,html,,NOT FOUND,
BHU3153A,1,1,"Brass Bull Face Wall Hanging – Nandhi Head | Nandi Face Ox Sculpture for Home Decor & Gifting, Gold, 12 Inch, 1 Piece",5379,6399,true,,,https://bhunes.com/products/brass-bull-face-wall-hanging-nandhi-head,html,,FOUND,
Bhune_TB135,0,,,,,,,,https://bhunes.com/search?options%5Bprefix%5D=last&q=Bhune_TB135,html,,NOT FOUND,
Bhune_TB134,0,,,,,,,,https://bhunes.com/search?options%5Bprefix%5D=last&q=Bhune_TB134,html,,NOT FOUND,
Bhune_TB133,0,,,,,,,,https://bhunes.com/search?options%5Bprefix%5D=last&q=Bhune_TB133,html,,NOT FOUND,
Bhune_TB131,0,,,,,,,,https://bhunes.com/search?options%5Bprefix%5D=last&q=Bhune_TB131,html,,NOT FOUND,
Bhune_TB130,0,,,,,,,,https://bhunes.com/search?options%5Bprefix%5D=last&q=Bhune_TB130,html,,NOT FOUND,
Bhune_TB129,0,,,,,,,,https://bhunes.com/search?options%5Bprefix%5D=last&q=Bhune_TB129,html,,NOT FOUND,
BHU2090A,1,1,"Brass Kamadhenu Idol – Surabhi Cow Sculpture, Sacred Wish-Fulfilling Gau Mata Murti for Pooja, Home Decor & Spiritual Gifts,Gold, 5 Inch, 1 Piece",3859,4599,true,1,YES,https://bhunes.com/products/brass-kamadhenu-idol-surabhi-cow-sculpture,html,,FOUND,
BHU2721A,1,1,"Brass Kamadhenu Idol | Surabhi Cow Statue | Divine Gau Mata Murti | Wish-Fulfilling Holy Cow Sculpture for Pooja, Home Decor & Gifts,Gold, 4.5 Inch, 1 Piece",3109,3699,true,5,YES,https://bhunes.com/products/brass-kamadhenu-idol-surabhi-cow-statue,html,,FOUND,
BHU2880A,1,1,"Brass Kamadhenu Idol, Surabhi Cow Murti, Divine Gomata Sculpture for Home, Temple, Puja & Office Decor,Gold, 4 Inch, 1 Piece",2179,2599,true,,,https://bhunes.com/products/brass-kamadhenu-idol-surabhi-cow-murti-divine-gomata-sculpture,html,,FOUND,
BHU1336A,1,1,"Bhunes Brass Hand-Carved Prabhavali Frame with Kirtimukha – Wall Hanging Arch for Pooja Room, Temple Decor, Prabhawal for Deity Idol Backdrop, Gold, 10 Inch, 1 Piece",2689,3199,true,,,https://bhunes.com/products/brass-hand-carved-prabhavali-frame-with-kirtimukha,html,,FOUND,
BHU1337A,1,1,"Brass Prabhaval Frame Arch Wall Hanging Prabhawal For Home Decor Prabhawali For Diety Prabhavali,Gold, 10 Inch, 1 Piece",2599,3099,true,1,YES,https://bhunes.com/products/bhunes-brass-prabhaval-frame-arch-wall-hanging-prabhawal-for-home-decor-prabhawali-for-diety-prabhavaligold-10-inch-1-piece,html,,FOUND,
BHU1338A,1,1,"Bhunes Brass Hand-Carved Prabhavali Arch Frame with Kirtimukha – Wall Hanging for Pooja Room, Temple Backdrop, Murti Decor, Prabhawal for Home Mandir, Gold, 9 Inch, 1 Piece",2269,2699,true,1,YES,https://bhunes.com/products/brass-hand-carved-prabhavali-arch-frame-with-kirtimukha,html,,FOUND,
BHU1335A,1,1,"Bhunes Handcrafted Brass Prabhavali Frame Arch with Kirtimukha – Wall Hanging Prabhawal for Pooja Room, Temple Decor & Deity Backdrop, Gold, 9 Inch, 1 Piece",2019,2399,true,,,https://bhunes.com/products/handcrafted-brass-prabhavali-frame-arch-with-kirtimukha,html,,FOUND,
BHU1085A,1,1,"Bhunes Brass Traditional Prabhavali Arch Frame, Wall Hanging Prabhawali for Home Temple Decor | Prabhaval for Deity Idol | Kirtimukha Brass Backdrop, Gold, 10.5 Inch, 1 Piece",2689,3199,true,,,https://bhunes.com/products/brass-traditional-prabhavali-arch-frame-wall-hanging-prabhawali-for-home-temple-decor,html,YES,FOUND,
BHU821A,1,1,"Handcrafted Brass Prabhavali Arch Frame for God Idols, Traditional Temple Backdrop, Deity Halo, Pooja Decor, Wall Hanging, Gold, 9 Inch, 1 Piece",1509,1799,true,,,https://bhunes.com/products/handcrafted-brass-prabhavali-arch-frame-for-god-idols,html,,FOUND,
BHU811AB,1,1,"Brass Premium Prabhavali Frame | Decorative Aura Frame, Murti Halo, Temple Arch, Pooja Mandir Backdrop, Gold, 23.5 Inch, 1 Piece",9999,11899,true,,,https://bhunes.com/products/brass-premium-prabhavali-frame-decorative-aura-frame,html,,FOUND,
BHU815A,1,1,"Bhunes Brass Small Prabhavali for God Idols – Traditional Temple Arch Frame | Wall Hanging Decorative Aura Backdrop for Mandir, Pooja, Home Decor, Prabhamandala, Tiruvasi, Thiruvachi, Gold, 5 Inch, 1 Piece",919,1099,true,,,https://bhunes.com/products/brass-small-prabhavali-for-god-idols,html,,FOUND,
BHU604A,1,1,"Small Brass Prabhavali Arch Frame for Deity | Temple Wall Hanging Prabhawali Prabhaval Decor | Handcrafted Prabhavali for Pooja Mandir Backdrop, Gold, 5 Inch, 1 Piece",1089,1299,true,,,https://bhunes.com/products/small-brass-prabhavali-arch-frame-for-deity,html,,FOUND,
BHU596A,1,1,"Bhunes Brass Prabhavali Frame Arch with Sheshnag – Prabhawali Wall Hanging for Temple, Home Decor & Deity Backdrop | Prabhaval with Kirtimukha for Pooja Mandir, Gold, 10 Inch, 1 Piece",2439,2899,true,,,https://bhunes.com/products/brass-prabhavali-frame-arch-with-sheshnag-prabhawali-wall-hanging,html,,FOUND,
BHU813A,2,1,"Bhunes Brass Round Prabhavali for Home Temple Decor – Traditional Deity Arch Frame, Wall Hanging Pooja Backdrop, Mandir Aura Arch, Gold, 9 Inch, 1 Piece",2019,2399,true,,,https://bhunes.com/products/brass-round-prabhavali-for-home-temple-decor,html,,FOUND,
BHU813A,2,2,"Bhunes Brass Prabhavali Frame Arch Round – Traditional Prabhawali Wall Hanging For Temple & Home Decor | Prabhaval Backdrop For Deity Idol With Kirtimukha Design, Gold, 10 Inch, 1 Piece",1929,2299,true,4,YES,https://bhunes.com/products/brass-prabhavali-frame-arch-round-traditional-prabhawali,html,,FOUND,
BHU3311A,1,1,"Bhunes Brass Handcrafted Prabhavali for Deity | Traditional Hindu Temple Arch Frame | Pooja Backdrop | God Idol Halo | Decorative Aura Backplate for Mandir, Gold, 13 Inch, 1 Piece",4029,4799,true,,,https://bhunes.com/products/brass-handcrafted-prabhavali-for-deity-traditional-hindu-temple-arch-frame,html,,FOUND,